1.0,0.814,0.764,0.805,0.798,0.735,0.793,0.834,0.742,0.585,0.593,0.524,0.642,0.701,0.806,0.73,0.751,0.623,0.744,0.789,0.805,0.762,0.743,0.728,0.789,0.719,0.733,0.583,0.695,0.725,0.73,0.762,0.776,0.706,0.743,0.704,0.781,0.784,0.774,0.784,0.774,0.773,0.805,0.79,0.758,0.706,0.594,0.646,0.64,0.763,0.632,0.534,0.647,0.757,0.809,0.77,0.634,0.66,0.729,0.678,0.675,0.705,0.714,0.742,0.733,0.689,0.712,0.765,0.762,0.764,0.698,0.756,0.793,0.758,0.687,0.746,0.729,0.749,0.763,0.685,0.757,0.551,0.504,0.528,0.632,0.708,0.486,0.589,0.635,0.58,0.715,0.597,0.61,0.57,0.77,0.775,0.746,0.758,0.798,0.779,0.707,0.742,0.774,0.777,0.789,0.584,0.792,0.71,0.768,0.731,0.746,0.813,0.704,0.731,0.754,0.712,0.791,0.767,0.685,0.713,0.708,0.632,0.655,0.658,0.798,0.647,0.709,0.761,0.644,0.678
0.814,1.0,0.795,0.787,0.777,0.697,0.734,0.803,0.707,0.517,0.609,0.532,0.579,0.684,0.763,0.703,0.725,0.64,0.762,0.783,0.784,0.76,0.719,0.733,0.785,0.712,0.692,0.597,0.692,0.698,0.752,0.754,0.792,0.708,0.728,0.644,0.777,0.78,0.746,0.768,0.763,0.782,0.789,0.785,0.752,0.735,0.529,0.59,0.664,0.745,0.677,0.527,0.641,0.77,0.812,0.747,0.622,0.702,0.704,0.646,0.629,0.702,0.686,0.726,0.73,0.69,0.68,0.763,0.743,0.767,0.701,0.739,0.81,0.725,0.65,0.771,0.716,0.736,0.739,0.659,0.76,0.59,0.42,0.554,0.549,0.673,0.394,0.625,0.636,0.566,0.709,0.594,0.626,0.527,0.753,0.756,0.726,0.758,0.765,0.757,0.679,0.723,0.758,0.767,0.775,0.524,0.759,0.668,0.724,0.723,0.741,0.793,0.674,0.705,0.717,0.673,0.776,0.71,0.694,0.721,0.7,0.614,0.651,0.59,0.746,0.614,0.705,0.764,0.613,0.643
0.764,0.795,1.0,0.755,0.805,0.678,0.735,0.763,0.686,0.495,0.587,0.503,0.587,0.676,0.718,0.674,0.744,0.611,0.75,0.767,0.717,0.708,0.709,0.687,0.704,0.661,0.651,0.574,0.645,0.674,0.704,0.694,0.769,0.666,0.683,0.604,0.725,0.769,0.703,0.713,0.715,0.767,0.775,0.797,0.712,0.678,0.502,0.565,0.652,0.739,0.649,0.487,0.604,0.719,0.743,0.698,0.59,0.687,0.643,0.59,0.577,0.648,0.615,0.671,0.694,0.65,0.655,0.745,0.74,0.736,0.658,0.673,0.752,0.705,0.648,0.75,0.715,0.715,0.696,0.62,0.738,0.555,0.406,0.524,0.548,0.658,0.373,0.607,0.623,0.553,0.655,0.577,0.582,0.485,0.703,0.693,0.678,0.696,0.719,0.708,0.609,0.666,0.713,0.723,0.754,0.525,0.728,0.634,0.678,0.744,0.706,0.774,0.623,0.724,0.682,0.689,0.735,0.68,0.657,0.682,0.655,0.583,0.634,0.577,0.718,0.577,0.674,0.716,0.593,0.6
0.805,0.787,0.755,1.0,0.808,0.774,0.794,0.846,0.797,0.602,0.65,0.568,0.701,0.77,0.843,0.748,0.779,0.65,0.732,0.79,0.82,0.777,0.76,0.752,0.803,0.752,0.743,0.623,0.732,0.755,0.751,0.765,0.771,0.726,0.757,0.666,0.78,0.785,0.794,0.813,0.793,0.757,0.841,0.733,0.78,0.728,0.613,0.674,0.666,0.792,0.705,0.569,0.686,0.819,0.818,0.788,0.682,0.689,0.742,0.711,0.69,0.718,0.696,0.758,0.757,0.729,0.751,0.804,0.821,0.796,0.73,0.768,0.846,0.806,0.724,0.809,0.776,0.793,0.796,0.751,0.786,0.59,0.531,0.549,0.675,0.758,0.486,0.638,0.69,0.623,0.755,0.631,0.656,0.612,0.815,0.781,0.758,0.762,0.811,0.804,0.703,0.757,0.78,0.796,0.781,0.634,0.826,0.754,0.809,0.797,0.775,0.843,0.733,0.767,0.783,0.754,0.808,0.767,0.69,0.737,0.676,0.677,0.691,0.697,0.831,0.678,0.743,0.809,0.696,0.713
0.798,0.777,0.805,0.808,1.0,0.712,0.749,0.819,0.757,0.508,0.579,0.492,0.586,0.643,0.77,0.68,0.738,0.607,0.706,0.799,0.777,0.736,0.704,0.703,0.731,0.684,0.706,0.564,0.667,0.696,0.731,0.74,0.751,0.676,0.738,0.684,0.756,0.792,0.727,0.758,0.75,0.746,0.824,0.755,0.733,0.712,0.584,0.64,0.66,0.751,0.635,0.495,0.623,0.756,0.789,0.719,0.617,0.656,0.699,0.659,0.65,0.682,0.652,0.744,0.72,0.669,0.683,0.778,0.736,0.734,0.679,0.719,0.79,0.73,0.671,0.765,0.784,0.741,0.754,0.683,0.746,0.529,0.462,0.501,0.607,0.71,0.425,0.582,0.622,0.55,0.706,0.577,0.591,0.542,0.761,0.76,0.719,0.741,0.771,0.764,0.661,0.739,0.764,0.757,0.764,0.528,0.771,0.666,0.743,0.8,0.732,0.81,0.661,0.755,0.725,0.683,0.769,0.745,0.678,0.699,0.681,0.617,0.629,0.648,0.774,0.594,0.659,0.767,0.628,0.651
0.735,0.697,0.678,0.774,0.712,1.0,0.783,0.811,0.725,0.544,0.494,0.445,0.692,0.759,0.746,0.617,0.716,0.519,0.62,0.692,0.72,0.674,0.763,0.655,0.703,0.638,0.637,0.482,0.609,0.652,0.638,0.678,0.72,0.618,0.704,0.605,0.703,0.706,0.724,0.803,0.698,0.625,0.735,0.653,0.786,0.647,0.593,0.61,0.55,0.749,0.553,0.457,0.565,0.708,0.74,0.775,0.599,0.548,0.681,0.66,0.659,0.648,0.694,0.68,0.692,0.712,0.659,0.702,0.79,0.711,0.686,0.723,0.748,0.81,0.605,0.678,0.694,0.75,0.731,0.612,0.663,0.426,0.466,0.409,0.578,0.625,0.449,0.472,0.55,0.479,0.684,0.546,0.516,0.534,0.706,0.702,0.677,0.697,0.762,0.752,0.679,0.726,0.72,0.709,0.682,0.758,0.783,0.626,0.701,0.679,0.735,0.73,0.638,0.655,0.688,0.799,0.757,0.725,0.65,0.616,0.559,0.527,0.564,0.613,0.73,0.575,0.615,0.721,0.596,0.623
0.793,0.734,0.735,0.794,0.749,0.783,1.0,0.821,0.753,0.569,0.599,0.528,0.722,0.803,0.769,0.693,0.741,0.63,0.72,0.764,0.739,0.733,0.747,0.733,0.728,0.723,0.698,0.604,0.641,0.701,0.661,0.718,0.749,0.692,0.685,0.636,0.746,0.755,0.767,0.761,0.764,0.694,0.794,0.707,0.765,0.682,0.563,0.627,0.652,0.804,0.635,0.531,0.667,0.735,0.759,0.787,0.608,0.635,0.7,0.633,0.624,0.655,0.677,0.708,0.713,0.698,0.696,0.767,0.813,0.772,0.708,0.722,0.76,0.807,0.689,0.764,0.717,0.787,0.746,0.686,0.77,0.567,0.507,0.557,0.627,0.701,0.471,0.61,0.628,0.568,0.669,0.594,0.608,0.574,0.733,0.732,0.711,0.724,0.771,0.737,0.674,0.735,0.737,0.764,0.713,0.674,0.806,0.675,0.741,0.739,0.769,0.791,0.725,0.725,0.738,0.819,0.782,0.752,0.743,0.708,0.689,0.644,0.666,0.66,0.797,0.645,0.718,0.754,0.643,0.667
0.834,0.803,0.763,0.846,0.819,0.811,0.821,1.0,0.815,0.588,0.579,0.529,0.691,0.757,0.854,0.723,0.762,0.637,0.744,0.815,0.815,0.792,0.776,0.747,0.83,0.758,0.766,0.596,0.715,0.729,0.756,0.806,0.788,0.743,0.825,0.721,0.851,0.838,0.838,0.861,0.834,0.761,0.842,0.742,0.836,0.78,0.684,0.742,0.684,0.858,0.633,0.565,0.7,0.827,0.865,0.822,0.704,0.646,0.793,0.767,0.736,0.741,0.763,0.814,0.79,0.776,0.779,0.824,0.823,0.81,0.775,0.84,0.847,0.844,0.73,0.792,0.82,0.838,0.862,0.756,0.793,0.517,0.563,0.522,0.696,0.775,0.519,0.569,0.647,0.595,0.788,0.648,0.656,0.654,0.833,0.836,0.792,0.839,0.874,0.87,0.799,0.859,0.854,0.857,0.788,0.703,0.858,0.752,0.841,0.821,0.836,0.873,0.766,0.793,0.821,0.811,0.846,0.859,0.769,0.778,0.709,0.674,0.67,0.734,0.852,0.697,0.743,0.854,0.726,0.742
0.742,0.707,0.686,0.797,0.757,0.725,0.753,0.815,1.0,0.625,0.591,0.518,0.705,0.744,0.796,0.728,0.684,0.602,0.661,0.707,0.686,0.692,0.641,0.631,0.707,0.772,0.728,0.569,0.598,0.643,0.615,0.735,0.657,0.656,0.676,0.609,0.727,0.766,0.775,0.731,0.772,0.676,0.76,0.675,0.675,0.668,0.706,0.738,0.616,0.765,0.618,0.562,0.644,0.751,0.743,0.694,0.618,0.615,0.695,0.682,0.622,0.675,0.635,0.704,0.684,0.676,0.746,0.768,0.756,0.753,0.67,0.701,0.751,0.76,0.714,0.715,0.744,0.752,0.746,0.779,0.723,0.519,0.686,0.553,0.773,0.795,0.57,0.583,0.625,0.567,0.708,0.574,0.595,0.659,0.763,0.721,0.721,0.715,0.807,0.775,0.716,0.755,0.732,0.743,0.74,0.599,0.757,0.715,0.771,0.776,0.743,0.812,0.746,0.725,0.767,0.725,0.737,0.807,0.636,0.641,0.62,0.72,0.661,0.828,0.799,0.703,0.68,0.746,0.68,0.688
0.585,0.517,0.495,0.602,0.508,0.544,0.569,0.588,0.625,1.0,0.522,0.435,0.611,0.571,0.607,0.603,0.517,0.455,0.482,0.521,0.497,0.511,0.544,0.447,0.545,0.531,0.567,0.436,0.459,0.493,0.489,0.533,0.474,0.476,0.519,0.492,0.555,0.583,0.606,0.553,0.539,0.466,0.526,0.466,0.525,0.457,0.517,0.537,0.46,0.557,0.449,0.405,0.458,0.531,0.533,0.527,0.493,0.456,0.505,0.484,0.467,0.545,0.514,0.499,0.551,0.529,0.604,0.546,0.551,0.55,0.475,0.505,0.525,0.572,0.531,0.512,0.546,0.55,0.603,0.618,0.54,0.392,0.491,0.348,0.619,0.625,0.488,0.45,0.487,0.449,0.477,0.426,0.424,0.538,0.536,0.501,0.563,0.543,0.582,0.558,0.557,0.527,0.547,0.541,0.525,0.472,0.571,0.606,0.583,0.543,0.555,0.615,0.604,0.559,0.596,0.531,0.597,0.562,0.445,0.481,0.419,0.549,0.55,0.628,0.624,0.55,0.531,0.539,0.521,0.534
0.593,0.609,0.587,0.65,0.579,0.494,0.599,0.579,0.591,0.522,1.0,0.797,0.64,0.617,0.642,0.607,0.579,0.811,0.617,0.646,0.619,0.617,0.535,0.58,0.596,0.623,0.557,0.617,0.592,0.583,0.566,0.58,0.583,0.583,0.514,0.447,0.582,0.593,0.598,0.538,0.614,0.574,0.62,0.554,0.527,0.553,0.378,0.458,0.569,0.607,0.676,0.731,0.6,0.619,0.597,0.553,0.481,0.596,0.51,0.466,0.439,0.531,0.468,0.539,0.548,0.496,0.572,0.646,0.639,0.656,0.547,0.54,0.628,0.575,0.579,0.658,0.555,0.592,0.568,0.602,0.662,0.577,0.368,0.523,0.484,0.591,0.362,0.663,0.77,0.712,0.528,0.471,0.539,0.471,0.588,0.591,0.58,0.548,0.583,0.55,0.467,0.549,0.557,0.603,0.561,0.365,0.601,0.583,0.593,0.614,0.609,0.648,0.564,0.589,0.588,0.534,0.597,0.545,0.539,0.608,0.588,0.554,0.812,0.524,0.648,0.752,0.674,0.61,0.528,0.545
0.524,0.532,0.503,0.568,0.492,0.445,0.528,0.529,0.518,0.435,0.797,1.0,0.645,0.541,0.584,0.528,0.51,0.77,0.531,0.539,0.53,0.543,0.483,0.503,0.528,0.522,0.493,0.57,0.542,0.514,0.489,0.51,0.505,0.514,0.451,0.399,0.516,0.516,0.521,0.474,0.531,0.497,0.538,0.48,0.473,0.476,0.347,0.403,0.482,0.529,0.626,0.753,0.512,0.537,0.52,0.49,0.427,0.506,0.448,0.427,0.398,0.459,0.419,0.479,0.484,0.445,0.498,0.562,0.551,0.569,0.477,0.483,0.541,0.495,0.496,0.563,0.486,0.522,0.504,0.509,0.565,0.457,0.321,0.424,0.431,0.503,0.326,0.56,0.817,0.732,0.475,0.419,0.472,0.408,0.52,0.507,0.494,0.478,0.518,0.494,0.411,0.478,0.487,0.531,0.489,0.339,0.513,0.503,0.515,0.529,0.528,0.565,0.494,0.517,0.511,0.468,0.524,0.484,0.469,0.53,0.499,0.475,0.746,0.447,0.575,0.772,0.601,0.529,0.465,0.477
0.642,0.579,0.587,0.701,0.586,0.692,0.722,0.691,0.705,0.611,0.64,0.645,1.0,0.812,0.744,0.636,0.624,0.671,0.585,0.628,0.612,0.64,0.652,0.575,0.619,0.672,0.625,0.579,0.592,0.624,0.544,0.621,0.631,0.571,0.588,0.516,0.628,0.653,0.697,0.67,0.662,0.563,0.67,0.55,0.639,0.558,0.555,0.608,0.537,0.669,0.62,0.606,0.605,0.659,0.628,0.688,0.57,0.558,0.61,0.591,0.577,0.58,0.585,0.6,0.608,0.625,0.648,0.679,0.721,0.666,0.601,0.637,0.654,0.731,0.607,0.639,0.632,0.689,0.652,0.659,0.641,0.451,0.529,0.456,0.629,0.65,0.505,0.551,0.687,0.612,0.618,0.509,0.552,0.575,0.647,0.628,0.637,0.608,0.685,0.656,0.606,0.633,0.62,0.646,0.599,0.701,0.711,0.635,0.665,0.647,0.674,0.687,0.645,0.632,0.657,0.747,0.663,0.659,0.57,0.572,0.532,0.594,0.677,0.668,0.725,0.724,0.662,0.654,0.602,0.61
0.701,0.684,0.676,0.77,0.643,0.759,0.803,0.757,0.744,0.571,0.617,0.541,0.812,1.0,0.791,0.688,0.722,0.655,0.68,0.719,0.693,0.71,0.728,0.677,0.7,0.75,0.683,0.621,0.639,0.722,0.623,0.69,0.741,0.652,0.637,0.564,0.7,0.708,0.767,0.737,0.742,0.65,0.758,0.626,0.722,0.641,0.538,0.615,0.603,0.752,0.674,0.562,0.703,0.752,0.716,0.764,0.611,0.631,0.654,0.624,0.61,0.632,0.657,0.66,0.68,0.679,0.695,0.794,0.812,0.759,0.691,0.688,0.733,0.815,0.671,0.729,0.678,0.778,0.709,0.714,0.738,0.554,0.511,0.564,0.634,0.71,0.462,0.608,0.644,0.572,0.679,0.58,0.664,0.616,0.712,0.708,0.683,0.69,0.73,0.708,0.645,0.696,0.692,0.729,0.662,0.72,0.777,0.684,0.718,0.728,0.751,0.764,0.701,0.7,0.726,0.815,0.73,0.705,0.647,0.667,0.638,0.642,0.672,0.671,0.774,0.684,0.733,0.725,0.653,0.651
0.806,0.763,0.718,0.843,0.77,0.746,0.769,0.854,0.796,0.607,0.642,0.584,0.744,0.791,1.0,0.738,0.724,0.685,0.717,0.77,0.805,0.787,0.74,0.739,0.806,0.775,0.756,0.622,0.758,0.752,0.762,0.785,0.777,0.713,0.77,0.653,0.8,0.79,0.814,0.811,0.816,0.754,0.819,0.699,0.764,0.726,0.658,0.722,0.649,0.772,0.683,0.615,0.708,0.845,0.839,0.776,0.712,0.662,0.77,0.758,0.754,0.716,0.713,0.774,0.761,0.733,0.761,0.811,0.8,0.797,0.731,0.814,0.834,0.817,0.698,0.765,0.789,0.803,0.827,0.753,0.792,0.524,0.571,0.527,0.697,0.759,0.53,0.602,0.707,0.641,0.803,0.652,0.667,0.659,0.843,0.831,0.778,0.777,0.843,0.854,0.738,0.802,0.801,0.816,0.771,0.649,0.838,0.747,0.825,0.788,0.792,0.844,0.741,0.759,0.795,0.759,0.798,0.797,0.693,0.725,0.665,0.674,0.718,0.737,0.847,0.748,0.758,0.832,0.724,0.736
0.73,0.703,0.674,0.748,0.68,0.617,0.693,0.723,0.728,0.603,0.607,0.528,0.636,0.688,0.738,1.0,0.705,0.603,0.649,0.709,0.7,0.693,0.661,0.622,0.705,0.71,0.683,0.575,0.612,0.643,0.669,0.708,0.655,0.68,0.665,0.643,0.714,0.734,0.725,0.684,0.709,0.676,0.704,0.688,0.647,0.619,0.571,0.609,0.593,0.678,0.629,0.52,0.615,0.713,0.735,0.687,0.604,0.64,0.631,0.598,0.598,0.796,0.629,0.66,0.689,0.689,0.697,0.727,0.696,0.725,0.637,0.656,0.736,0.679,0.643,0.699,0.669,0.683,0.682,0.704,0.709,0.541,0.523,0.495,0.633,0.696,0.507,0.585,0.622,0.542,0.656,0.556,0.601,0.593,0.698,0.69,0.8,0.696,0.726,0.689,0.661,0.679,0.693,0.685,0.722,0.508,0.715,0.691,0.701,0.694,0.697,0.764,0.692,0.684,0.702,0.627,0.718,0.679,0.606,0.625,0.611,0.634,0.633,0.662,0.74,0.627,0.683,0.702,0.631,0.647
0.751,0.725,0.744,0.779,0.738,0.716,0.741,0.762,0.684,0.517,0.579,0.51,0.624,0.722,0.724,0.705,1.0,0.593,0.672,0.763,0.737,0.703,0.723,0.699,0.715,0.648,0.643,0.576,0.643,0.669,0.697,0.716,0.714,0.652,0.685,0.653,0.718,0.712,0.693,0.729,0.684,0.682,0.785,0.682,0.727,0.64,0.519,0.568,0.599,0.704,0.656,0.495,0.592,0.701,0.732,0.736,0.563,0.602,0.619,0.581,0.589,0.647,0.645,0.67,0.691,0.651,0.642,0.736,0.742,0.706,0.666,0.67,0.745,0.72,0.647,0.726,0.713,0.7,0.673,0.61,0.689,0.504,0.424,0.489,0.552,0.628,0.4,0.595,0.595,0.526,0.645,0.525,0.572,0.482,0.684,0.687,0.677,0.715,0.713,0.677,0.636,0.649,0.72,0.681,0.674,0.576,0.724,0.638,0.671,0.736,0.694,0.752,0.629,0.715,0.686,0.681,0.747,0.651,0.608,0.65,0.626,0.561,0.606,0.557,0.712,0.557,0.652,0.684,0.568,0.598
0.623,0.64,0.611,0.65,0.607,0.519,0.63,0.637,0.602,0.455,0.811,0.77,0.671,0.655,0.685,0.603,0.593,1.0,0.67,0.678,0.665,0.676,0.603,0.645,0.634,0.667,0.635,0.688,0.663,0.636,0.613,0.618,0.654,0.623,0.594,0.483,0.65,0.64,0.644,0.605,0.673,0.635,0.686,0.598,0.591,0.593,0.399,0.498,0.589,0.646,0.73,0.746,0.661,0.679,0.654,0.611,0.527,0.603,0.575,0.539,0.523,0.558,0.545,0.599,0.603,0.556,0.606,0.701,0.682,0.692,0.608,0.622,0.671,0.633,0.615,0.69,0.608,0.654,0.616,0.617,0.69,0.559,0.379,0.544,0.498,0.619,0.35,0.702,0.812,0.747,0.613,0.535,0.615,0.516,0.648,0.64,0.628,0.626,0.645,0.615,0.543,0.609,0.627,0.678,0.601,0.431,0.645,0.6,0.632,0.67,0.659,0.689,0.601,0.628,0.639,0.584,0.633,0.596,0.6,0.655,0.623,0.583,0.8,0.555,0.699,0.801,0.715,0.669,0.586,0.589
0.744,0.762,0.75,0.732,0.706,0.62,0.72,0.744,0.661,0.482,0.617,0.531,0.585,0.68,0.717,0.649,0.672,0.67,1.0,0.805,0.784,0.772,0.713,0.707,0.775,0.72,0.771,0.75,0.715,0.75,0.706,0.731,0.792,0.722,0.734,0.605,0.755,0.768,0.735,0.725,0.749,0.766,0.765,0.735,0.697,0.677,0.453,0.549,0.637,0.745,0.629,0.531,0.683,0.742,0.767,0.737,0.618,0.698,0.68,0.632,0.628,0.644,0.677,0.687,0.715,0.657,0.698,0.765,0.748,0.763,0.768,0.724,0.772,0.722,0.661,0.792,0.7,0.758,0.732,0.665,0.769,0.592,0.38,0.566,0.547,0.696,0.363,0.623,0.639,0.592,0.676,0.607,0.637,0.576,0.746,0.735,0.699,0.742,0.748,0.727,0.646,0.713,0.741,0.804,0.743,0.526,0.75,0.7,0.72,0.734,0.744,0.777,0.706,0.723,0.733,0.694,0.731,0.698,0.702,0.724,0.687,0.613,0.657,0.573,0.769,0.622,0.731,0.758,0.667,0.665
0.789,0.783,0.767,0.79,0.799,0.692,0.764,0.815,0.707,0.521,0.646,0.539,0.628,0.719,0.77,0.709,0.763,0.678,0.805,1.0,0.835,0.822,0.759,0.762,0.832,0.763,0.777,0.654,0.723,0.77,0.761,0.795,0.814,0.78,0.811,0.707,0.804,0.807,0.782,0.777,0.785,0.755,0.839,0.737,0.754,0.74,0.533,0.632,0.688,0.782,0.642,0.547,0.706,0.777,0.814,0.778,0.657,0.689,0.742,0.658,0.668,0.707,0.73,0.744,0.759,0.697,0.734,0.83,0.781,0.791,0.739,0.766,0.812,0.77,0.718,0.807,0.788,0.785,0.785,0.715,0.804,0.602,0.442,0.593,0.601,0.731,0.43,0.616,0.663,0.604,0.721,0.619,0.664,0.594,0.773,0.786,0.758,0.794,0.791,0.768,0.705,0.773,0.801,0.825,0.755,0.574,0.806,0.732,0.772,0.826,0.786,0.836,0.729,0.81,0.782,0.733,0.797,0.766,0.744,0.769,0.731,0.654,0.694,0.629,0.819,0.644,0.75,0.803,0.683,0.693
0.805,0.784,0.717,0.82,0.777,0.72,0.739,0.815,0.686,0.497,0.619,0.53,0.612,0.693,0.805,0.7,0.737,0.665,0.784,0.835,1.0,0.831,0.802,0.783,0.836,0.736,0.797,0.629,0.794,0.801,0.804,0.765,0.824,0.763,0.823,0.68,0.802,0.768,0.765,0.816,0.768,0.777,0.829,0.754,0.781,0.725,0.526,0.602,0.629,0.755,0.645,0.543,0.683,0.805,0.844,0.809,0.692,0.682,0.748,0.722,0.746,0.722,0.752,0.762,0.774,0.746,0.724,0.796,0.773,0.764,0.743,0.804,0.847,0.788,0.665,0.785,0.761,0.788,0.802,0.706,0.782,0.556,0.41,0.521,0.567,0.708,0.41,0.597,0.654,0.611,0.762,0.653,0.673,0.608,0.825,0.819,0.769,0.784,0.804,0.812,0.695,0.777,0.807,0.824,0.786,0.606,0.818,0.755,0.791,0.759,0.784,0.814,0.72,0.755,0.761,0.723,0.8,0.745,0.73,0.771,0.698,0.616,0.649,0.599,0.814,0.633,0.733,0.828,0.707,0.712
0.762,0.76,0.708,0.777,0.736,0.674,0.733,0.792,0.692,0.511,0.617,0.543,0.64,0.71,0.787,0.693,0.703,0.676,0.772,0.822,0.831,1.0,0.78,0.767,0.841,0.818,0.796,0.646,0.743,0.762,0.762,0.765,0.791,0.757,0.806,0.662,0.789,0.78,0.771,0.77,0.771,0.739,0.794,0.706,0.75,0.704,0.529,0.604,0.643,0.752,0.658,0.541,0.693,0.795,0.803,0.767,0.669,0.668,0.729,0.686,0.696,0.709,0.713,0.741,0.757,0.712,0.733,0.8,0.759,0.766,0.72,0.776,0.804,0.76,0.691,0.774,0.747,0.768,0.784,0.716,0.782,0.571,0.44,0.547,0.586,0.719,0.487,0.618,0.645,0.597,0.731,0.627,0.685,0.623,0.785,0.78,0.769,0.778,0.791,0.776,0.695,0.763,0.782,0.813,0.744,0.579,0.789,0.738,0.778,0.764,0.778,0.816,0.728,0.76,0.761,0.708,0.783,0.739,0.713,0.766,0.689,0.635,0.682,0.627,0.805,0.646,0.739,0.807,0.691,0.704
0.743,0.719,0.709,0.76,0.704,0.763,0.747,0.776,0.641,0.544,0.535,0.483,0.652,0.728,0.74,0.661,0.723,0.603,0.713,0.759,0.802,0.78,1.0,0.76,0.784,0.66,0.745,0.568,0.712,0.738,0.745,0.699,0.821,0.687,0.789,0.647,0.762,0.735,0.74,0.825,0.71,0.716,0.763,0.683,0.799,0.645,0.497,0.552,0.552,0.726,0.572,0.478,0.649,0.749,0.782,0.799,0.64,0.603,0.678,0.664,0.696,0.707,0.748,0.707,0.75,0.746,0.7,0.73,0.766,0.699,0.714,0.765,0.77,0.808,0.607,0.703,0.694,0.766,0.768,0.654,0.712,0.47,0.372,0.439,0.536,0.686,0.418,0.522,0.583,0.54,0.691,0.595,0.603,0.625,0.75,0.743,0.758,0.749,0.75,0.758,0.686,0.725,0.763,0.757,0.705,0.721,0.801,0.705,0.728,0.69,0.76,0.752,0.719,0.696,0.717,0.771,0.781,0.681,0.675,0.692,0.611,0.565,0.583,0.571,0.765,0.575,0.659,0.758,0.662,0.669
0.728,0.733,0.687,0.752,0.703,0.655,0.733,0.747,0.631,0.447,0.58,0.503,0.575,0.677,0.739,0.622,0.699,0.645,0.707,0.762,0.783,0.767,0.76,1.0,0.785,0.708,0.698,0.594,0.733,0.701,0.775,0.711,0.765,0.687,0.724,0.594,0.726,0.703,0.701,0.76,0.706,0.728,0.78,0.681,0.743,0.713,0.48,0.558,0.657,0.713,0.634,0.51,0.653,0.734,0.768,0.737,0.581,0.629,0.679,0.603,0.612,0.642,0.662,0.716,0.715,0.674,0.644,0.742,0.745,0.724,0.683,0.727,0.784,0.73,0.631,0.74,0.683,0.734,0.711,0.639,0.744,0.571,0.392,0.547,0.518,0.646,0.369,0.6,0.606,0.574,0.672,0.569,0.611,0.519,0.735,0.729,0.698,0.701,0.72,0.72,0.61,0.691,0.714,0.746,0.701,0.565,0.75,0.655,0.701,0.706,0.704,0.745,0.652,0.686,0.679,0.688,0.751,0.65,0.682,0.728,0.666,0.59,0.64,0.555,0.728,0.584,0.685,0.739,0.606,0.64
0.789,0.785,0.704,0.803,0.731,0.703,0.728,0.83,0.707,0.545,0.596,0.528,0.619,0.7,0.806,0.705,0.715,0.634,0.775,0.832,0.836,0.841,0.784,0.785,1.0,0.768,0.783,0.607,0.766,0.768,0.811,0.808,0.821,0.752,0.847,0.707,0.821,0.79,0.788,0.816,0.787,0.777,0.804,0.71,0.777,0.714,0.568,0.634,0.631,0.741,0.612,0.531,0.683,0.797,0.84,0.795,0.699,0.663,0.761,0.737,0.712,0.734,0.764,0.777,0.768,0.734,0.754,0.797,0.757,0.774,0.729,0.834,0.831,0.775,0.692,0.769,0.759,0.778,0.819,0.721,0.784,0.555,0.442,0.538,0.591,0.721,0.459,0.567,0.636,0.614,0.77,0.648,0.663,0.633,0.812,0.806,0.789,0.813,0.818,0.815,0.742,0.792,0.828,0.832,0.776,0.617,0.818,0.771,0.805,0.771,0.788,0.84,0.752,0.761,0.794,0.717,0.812,0.758,0.717,0.769,0.667,0.616,0.654,0.625,0.816,0.644,0.74,0.813,0.714,0.724
0.719,0.712,0.661,0.752,0.684,0.638,0.723,0.758,0.772,0.531,0.623,0.522,0.672,0.75,0.775,0.71,0.648,0.667,0.72,0.763,0.736,0.818,0.66,0.708,0.768,1.0,0.763,0.635,0.652,0.691,0.66,0.728,0.703,0.701,0.687,0.579,0.725,0.747,0.765,0.71,0.775,0.699,0.766,0.667,0.673,0.707,0.595,0.671,0.67,0.761,0.66,0.582,0.713,0.754,0.753,0.702,0.603,0.654,0.697,0.645,0.6,0.655,0.63,0.689,0.681,0.652,0.716,0.788,0.766,0.778,0.676,0.705,0.754,0.739,0.726,0.753,0.705,0.747,0.719,0.755,0.77,0.615,0.588,0.622,0.694,0.761,0.544,0.631,0.653,0.588,0.704,0.579,0.662,0.627,0.76,0.755,0.721,0.704,0.771,0.74,0.667,0.734,0.722,0.764,0.727,0.553,0.758,0.718,0.761,0.769,0.74,0.806,0.737,0.726,0.752,0.7,0.726,0.762,0.677,0.72,0.698,0.721,0.696,0.733,0.784,0.695,0.756,0.76,0.675,0.682
0.733,0.692,0.651,0.743,0.706,0.637,0.698,0.766,0.728,0.567,0.557,0.493,0.625,0.683,0.756,0.683,0.643,0.635,0.771,0.777,0.797,0.796,0.745,0.698,0.783,0.763,1.0,0.682,0.712,0.77,0.713,0.736,0.748,0.681,0.764,0.641,0.761,0.758,0.757,0.747,0.745,0.713,0.759,0.687,0.697,0.642,0.547,0.614,0.582,0.72,0.595,0.525,0.665,0.755,0.777,0.739,0.664,0.643,0.714,0.701,0.707,0.691,0.715,0.706,0.722,0.701,0.755,0.769,0.714,0.733,0.758,0.747,0.761,0.751,0.661,0.73,0.716,0.781,0.772,0.767,0.743,0.506,0.498,0.521,0.657,0.792,0.451,0.569,0.608,0.603,0.724,0.642,0.668,0.666,0.796,0.758,0.751,0.749,0.777,0.764,0.707,0.748,0.749,0.8,0.734,0.581,0.76,0.786,0.773,0.748,0.74,0.795,0.779,0.734,0.764,0.69,0.73,0.74,0.671,0.697,0.645,0.677,0.632,0.71,0.793,0.656,0.692,0.782,0.74,0.704
0.583,0.597,0.574,0.623,0.564,0.482,0.604,0.596,0.569,0.436,0.617,0.57,0.579,0.621,0.622,0.575,0.576,0.688,0.75,0.654,0.629,0.646,0.568,0.594,0.607,0.635,0.682,1.0,0.607,0.598,0.559,0.573,0.6,0.614,0.549,0.441,0.598,0.601,0.603,0.564,0.621,0.592,0.65,0.535,0.552,0.546,0.358,0.451,0.549,0.617,0.64,0.558,0.618,0.625,0.607,0.569,0.47,0.619,0.526,0.491,0.483,0.508,0.493,0.546,0.561,0.513,0.58,0.653,0.634,0.648,0.762,0.57,0.67,0.587,0.586,0.704,0.569,0.643,0.587,0.586,0.646,0.528,0.343,0.516,0.483,0.589,0.333,0.621,0.65,0.568,0.547,0.469,0.569,0.473,0.601,0.596,0.574,0.575,0.592,0.566,0.484,0.56,0.582,0.703,0.551,0.395,0.609,0.585,0.595,0.634,0.601,0.652,0.625,0.596,0.599,0.543,0.585,0.566,0.559,0.609,0.589,0.557,0.636,0.51,0.642,0.616,0.662,0.636,0.539,0.548
0.695,0.692,0.645,0.732,0.667,0.609,0.641,0.715,0.598,0.459,0.592,0.542,0.592,0.639,0.758,0.612,0.643,0.663,0.715,0.723,0.794,0.743,0.712,0.733,0.766,0.652,0.712,0.607,1.0,0.787,0.811,0.686,0.767,0.687,0.734,0.593,0.725,0.683,0.707,0.714,0.685,0.713,0.739,0.646,0.685,0.629,0.446,0.537,0.557,0.658,0.617,0.532,0.641,0.776,0.751,0.718,0.704,0.635,0.714,0.729,0.739,0.647,0.698,0.702,0.703,0.674,0.658,0.709,0.691,0.689,0.694,0.74,0.755,0.69,0.6,0.696,0.671,0.703,0.749,0.624,0.712,0.497,0.353,0.479,0.49,0.629,0.392,0.563,0.646,0.697,0.775,0.701,0.688,0.557,0.811,0.742,0.696,0.713,0.726,0.744,0.622,0.694,0.731,0.759,0.71,0.547,0.729,0.74,0.737,0.701,0.698,0.734,0.64,0.688,0.704,0.656,0.705,0.633,0.647,0.7,0.612,0.54,0.634,0.52,0.738,0.62,0.703,0.78,0.71,0.734
0.725,0.698,0.674,0.755,0.696,0.652,0.701,0.729,0.643,0.493,0.583,0.514,0.624,0.722,0.752,0.643,0.669,0.636,0.75,0.77,0.801,0.762,0.738,0.701,0.768,0.691,0.77,0.598,0.787,1.0,0.727,0.732,0.78,0.693,0.726,0.632,0.728,0.711,0.73,0.724,0.711,0.706,0.753,0.682,0.699,0.634,0.476,0.562,0.586,0.69,0.633,0.514,0.661,0.811,0.772,0.752,0.714,0.671,0.733,0.748,0.753,0.661,0.712,0.686,0.72,0.685,0.682,0.746,0.732,0.723,0.688,0.725,0.75,0.731,0.621,0.723,0.687,0.724,0.744,0.652,0.758,0.531,0.407,0.487,0.549,0.676,0.409,0.576,0.631,0.677,0.763,0.729,0.741,0.588,0.819,0.764,0.699,0.714,0.735,0.737,0.639,0.715,0.728,0.758,0.738,0.591,0.763,0.751,0.758,0.728,0.742,0.756,0.681,0.72,0.719,0.713,0.731,0.684,0.669,0.718,0.653,0.569,0.629,0.57,0.779,0.61,0.697,0.766,0.732,0.724
0.73,0.752,0.704,0.751,0.731,0.638,0.661,0.756,0.615,0.489,0.566,0.489,0.544,0.623,0.762,0.669,0.697,0.613,0.706,0.761,0.804,0.762,0.745,0.775,0.811,0.66,0.713,0.559,0.811,0.727,1.0,0.73,0.771,0.69,0.773,0.653,0.759,0.727,0.704,0.764,0.704,0.75,0.772,0.686,0.739,0.677,0.497,0.558,0.609,0.683,0.599,0.489,0.623,0.752,0.81,0.735,0.656,0.635,0.707,0.675,0.705,0.72,0.714,0.716,0.736,0.704,0.679,0.728,0.688,0.699,0.681,0.753,0.779,0.695,0.612,0.729,0.709,0.722,0.747,0.635,0.73,0.52,0.35,0.481,0.506,0.653,0.377,0.55,0.594,0.608,0.716,0.638,0.648,0.546,0.767,0.759,0.746,0.743,0.735,0.743,0.657,0.695,0.757,0.746,0.728,0.544,0.741,0.712,0.728,0.72,0.703,0.759,0.657,0.717,0.699,0.644,0.754,0.647,0.661,0.725,0.642,0.56,0.611,0.528,0.734,0.572,0.685,0.753,0.653,0.669
0.762,0.754,0.694,0.765,0.74,0.678,0.718,0.806,0.735,0.533,0.58,0.51,0.621,0.69,0.785,0.708,0.716,0.618,0.731,0.795,0.765,0.765,0.699,0.711,0.808,0.728,0.736,0.573,0.686,0.732,0.73,1.0,0.772,0.701,0.775,0.698,0.783,0.774,0.769,0.775,0.772,0.727,0.779,0.724,0.755,0.713,0.602,0.661,0.631,0.74,0.646,0.541,0.659,0.778,0.809,0.771,0.658,0.65,0.728,0.693,0.68,0.714,0.735,0.758,0.752,0.707,0.715,0.78,0.745,0.764,0.712,0.756,0.795,0.761,0.663,0.753,0.747,0.754,0.768,0.693,0.749,0.523,0.519,0.533,0.629,0.708,0.488,0.572,0.616,0.572,0.734,0.598,0.638,0.606,0.778,0.779,0.765,0.801,0.817,0.789,0.761,0.771,0.789,0.787,0.762,0.58,0.793,0.713,0.782,0.748,0.773,0.818,0.714,0.724,0.764,0.71,0.795,0.766,0.698,0.72,0.683,0.633,0.659,0.67,0.787,0.646,0.703,0.777,0.665,0.692
0.776,0.792,0.769,0.771,0.751,0.72,0.749,0.788,0.657,0.474,0.583,0.505,0.631,0.741,0.777,0.655,0.714,0.654,0.792,0.814,0.824,0.791,0.821,0.765,0.821,0.703,0.748,0.6,0.767,0.78,0.771,0.772,1.0,0.723,0.801,0.651,0.807,0.782,0.762,0.815,0.763,0.791,0.796,0.756,0.785,0.685,0.483,0.572,0.603,0.736,0.625,0.516,0.675,0.774,0.808,0.812,0.684,0.682,0.72,0.692,0.696,0.705,0.756,0.743,0.758,0.726,0.709,0.783,0.773,0.747,0.738,0.793,0.808,0.797,0.628,0.749,0.722,0.78,0.782,0.669,0.762,0.535,0.37,0.514,0.519,0.671,0.384,0.566,0.625,0.588,0.738,0.641,0.641,0.585,0.786,0.779,0.749,0.787,0.788,0.791,0.694,0.755,0.788,0.811,0.763,0.67,0.815,0.703,0.747,0.726,0.779,0.794,0.696,0.729,0.749,0.772,0.786,0.703,0.718,0.731,0.664,0.568,0.632,0.56,0.783,0.606,0.698,0.785,0.681,0.683
0.706,0.708,0.666,0.726,0.676,0.618,0.692,0.743,0.656,0.476,0.583,0.514,0.571,0.652,0.713,0.68,0.652,0.623,0.722,0.78,0.763,0.757,0.687,0.687,0.752,0.701,0.681,0.614,0.687,0.693,0.69,0.701,0.723,1.0,0.744,0.604,0.75,0.731,0.729,0.71,0.726,0.697,0.743,0.666,0.695,0.671,0.492,0.58,0.62,0.718,0.596,0.509,0.649,0.734,0.758,0.716,0.624,0.655,0.691,0.644,0.627,0.718,0.657,0.691,0.722,0.703,0.674,0.746,0.727,0.721,0.698,0.721,0.763,0.715,0.686,0.731,0.694,0.731,0.732,0.678,0.734,0.548,0.425,0.516,0.551,0.666,0.425,0.562,0.617,0.576,0.678,0.608,0.65,0.587,0.737,0.738,0.736,0.717,0.739,0.734,0.636,0.738,0.73,0.776,0.706,0.54,0.743,0.685,0.719,0.719,0.746,0.762,0.688,0.717,0.714,0.693,0.726,0.702,0.693,0.723,0.652,0.612,0.634,0.586,0.771,0.607,0.698,0.748,0.656,0.67
0.743,0.728,0.683,0.757,0.738,0.704,0.685,0.825,0.676,0.519,0.514,0.451,0.588,0.637,0.77,0.665,0.685,0.594,0.734,0.811,0.823,0.806,0.789,0.724,0.847,0.687,0.764,0.549,0.734,0.726,0.773,0.775,0.801,0.744,1.0,0.718,0.826,0.787,0.766,0.828,0.76,0.717,0.766,0.69,0.777,0.686,0.585,0.641,0.56,0.719,0.525,0.475,0.626,0.784,0.82,0.787,0.723,0.601,0.775,0.76,0.763,0.735,0.792,0.787,0.787,0.765,0.744,0.762,0.723,0.703,0.736,0.842,0.8,0.792,0.656,0.708,0.786,0.777,0.841,0.69,0.725,0.43,0.439,0.433,0.571,0.693,0.469,0.478,0.569,0.544,0.765,0.629,0.626,0.653,0.805,0.79,0.798,0.837,0.828,0.841,0.781,0.827,0.843,0.824,0.757,0.668,0.817,0.733,0.793,0.75,0.797,0.804,0.726,0.744,0.778,0.743,0.791,0.764,0.725,0.724,0.607,0.557,0.587,0.627,0.797,0.601,0.665,0.815,0.712,0.719
0.704,0.644,0.604,0.666,0.684,0.605,0.636,0.721,0.609,0.492,0.447,0.399,0.516,0.564,0.653,0.643,0.653,0.483,0.605,0.707,0.68,0.662,0.647,0.594,0.707,0.579,0.641,0.441,0.593,0.632,0.653,0.698,0.651,0.604,0.718,1.0,0.787,0.735,0.705,0.712,0.731,0.63,0.733,0.647,0.674,0.635,0.617,0.663,0.557,0.633,0.449,0.418,0.55,0.654,0.758,0.731,0.609,0.553,0.665,0.632,0.652,0.671,0.721,0.713,0.671,0.653,0.659,0.683,0.617,0.625,0.623,0.692,0.686,0.659,0.609,0.62,0.695,0.651,0.7,0.622,0.645,0.42,0.437,0.394,0.54,0.622,0.44,0.414,0.488,0.479,0.623,0.542,0.545,0.568,0.688,0.706,0.71,0.756,0.72,0.691,0.724,0.691,0.754,0.692,0.691,0.558,0.722,0.635,0.707,0.698,0.678,0.724,0.663,0.717,0.717,0.618,0.707,0.678,0.615,0.626,0.61,0.54,0.526,0.57,0.717,0.532,0.615,0.673,0.639,0.628
0.781,0.777,0.725,0.78,0.756,0.703,0.746,0.851,0.727,0.555,0.582,0.516,0.628,0.7,0.8,0.714,0.718,0.65,0.755,0.804,0.802,0.789,0.762,0.726,0.821,0.725,0.761,0.598,0.725,0.728,0.759,0.783,0.807,0.75,0.826,0.787,1.0,0.852,0.834,0.845,0.871,0.78,0.83,0.753,0.806,0.764,0.663,0.733,0.668,0.786,0.604,0.556,0.694,0.812,0.885,0.817,0.703,0.666,0.761,0.751,0.727,0.753,0.786,0.797,0.786,0.766,0.784,0.815,0.775,0.777,0.765,0.844,0.83,0.809,0.709,0.769,0.794,0.815,0.842,0.742,0.785,0.51,0.477,0.503,0.624,0.75,0.469,0.558,0.643,0.6,0.77,0.65,0.667,0.663,0.83,0.821,0.802,0.859,0.848,0.839,0.803,0.839,0.857,0.845,0.786,0.639,0.845,0.744,0.809,0.801,0.827,0.85,0.771,0.791,0.839,0.759,0.814,0.803,0.743,0.747,0.665,0.636,0.655,0.677,0.841,0.669,0.757,0.838,0.753,0.743
0.784,0.78,0.769,0.785,0.792,0.706,0.755,0.838,0.766,0.583,0.593,0.516,0.653,0.708,0.79,0.734,0.712,0.64,0.768,0.807,0.768,0.78,0.735,0.703,0.79,0.747,0.758,0.601,0.683,0.711,0.727,0.774,0.782,0.731,0.787,0.735,0.852,1.0,0.847,0.795,0.839,0.794,0.816,0.784,0.76,0.744,0.67,0.724,0.694,0.817,0.609,0.544,0.695,0.801,0.839,0.78,0.7,0.694,0.777,0.725,0.708,0.75,0.737,0.762,0.777,0.746,0.787,0.821,0.781,0.798,0.732,0.784,0.807,0.788,0.742,0.775,0.802,0.8,0.817,0.774,0.794,0.558,0.537,0.537,0.689,0.788,0.518,0.576,0.633,0.592,0.754,0.667,0.669,0.678,0.804,0.79,0.793,0.827,0.847,0.825,0.783,0.811,0.826,0.834,0.801,0.621,0.827,0.767,0.808,0.826,0.814,0.864,0.782,0.816,0.821,0.755,0.812,0.808,0.733,0.751,0.685,0.687,0.683,0.738,0.837,0.682,0.756,0.829,0.73,0.74
0.774,0.746,0.703,0.794,0.727,0.724,0.767,0.838,0.775,0.606,0.598,0.521,0.697,0.767,0.814,0.725,0.693,0.644,0.735,0.782,0.765,0.771,0.74,0.701,0.788,0.765,0.757,0.603,0.707,0.73,0.704,0.769,0.762,0.729,0.766,0.705,0.834,0.847,1.0,0.812,0.853,0.751,0.821,0.718,0.759,0.77,0.709,0.786,0.712,0.823,0.646,0.562,0.745,0.828,0.837,0.786,0.697,0.675,0.758,0.734,0.709,0.745,0.74,0.76,0.778,0.749,0.787,0.81,0.803,0.793,0.733,0.791,0.8,0.803,0.749,0.766,0.79,0.793,0.827,0.784,0.787,0.558,0.598,0.547,0.715,0.801,0.564,0.597,0.638,0.607,0.766,0.66,0.7,0.734,0.822,0.803,0.779,0.814,0.837,0.822,0.782,0.812,0.813,0.822,0.777,0.673,0.826,0.778,0.823,0.808,0.818,0.859,0.794,0.804,0.832,0.781,0.799,0.812,0.724,0.752,0.685,0.708,0.7,0.765,0.847,0.712,0.762,0.83,0.759,0.781
0.784,0.768,0.713,0.813,0.758,0.803,0.761,0.861,0.731,0.553,0.538,0.474,0.67,0.737,0.811,0.684,0.729,0.605,0.725,0.777,0.816,0.77,0.825,0.76,0.816,0.71,0.747,0.564,0.714,0.724,0.764,0.775,0.815,0.71,0.828,0.712,0.845,0.795,0.812,1.0,0.805,0.777,0.823,0.741,0.87,0.774,0.648,0.71,0.651,0.791,0.592,0.516,0.664,0.816,0.868,0.86,0.689,0.625,0.76,0.748,0.733,0.757,0.806,0.783,0.788,0.795,0.746,0.782,0.8,0.751,0.771,0.844,0.853,0.866,0.658,0.748,0.782,0.819,0.837,0.705,0.744,0.485,0.482,0.477,0.614,0.727,0.457,0.537,0.607,0.56,0.769,0.603,0.599,0.628,0.816,0.818,0.801,0.827,0.847,0.854,0.792,0.818,0.837,0.815,0.784,0.75,0.868,0.727,0.805,0.757,0.819,0.823,0.736,0.736,0.791,0.819,0.841,0.785,0.725,0.722,0.638,0.6,0.616,0.666,0.818,0.632,0.687,0.82,0.701,0.725
0.774,0.763,0.715,0.793,0.75,0.698,0.764,0.834,0.772,0.539,0.614,0.531,0.662,0.742,0.816,0.709,0.684,0.673,0.749,0.785,0.768,0.771,0.71,0.706,0.787,0.775,0.745,0.621,0.685,0.711,0.704,0.772,0.763,0.726,0.76,0.731,0.871,0.839,0.853,0.805,1.0,0.789,0.827,0.747,0.757,0.765,0.691,0.76,0.729,0.81,0.653,0.58,0.726,0.818,0.86,0.775,0.673,0.672,0.755,0.728,0.68,0.706,0.722,0.769,0.752,0.711,0.763,0.824,0.804,0.811,0.74,0.801,0.805,0.796,0.723,0.783,0.778,0.8,0.808,0.764,0.801,0.563,0.546,0.56,0.677,0.771,0.513,0.616,0.663,0.606,0.76,0.633,0.685,0.688,0.821,0.805,0.771,0.811,0.841,0.824,0.77,0.825,0.815,0.837,0.78,0.608,0.829,0.732,0.815,0.812,0.816,0.855,0.769,0.784,0.837,0.755,0.794,0.818,0.723,0.741,0.692,0.691,0.706,0.743,0.84,0.719,0.795,0.831,0.752,0.735
0.773,0.782,0.767,0.757,0.746,0.625,0.694,0.761,0.676,0.466,0.574,0.497,0.563,0.65,0.754,0.676,0.682,0.635,0.766,0.755,0.777,0.739,0.716,0.728,0.777,0.699,0.713,0.592,0.713,0.706,0.75,0.727,0.791,0.697,0.717,0.63,0.78,0.794,0.751,0.777,0.789,1.0,0.787,0.819,0.733,0.714,0.528,0.606,0.66,0.722,0.635,0.525,0.661,0.773,0.804,0.737,0.638,0.691,0.701,0.664,0.633,0.684,0.684,0.717,0.729,0.682,0.694,0.759,0.737,0.764,0.698,0.759,0.797,0.723,0.648,0.764,0.702,0.732,0.735,0.665,0.763,0.574,0.425,0.536,0.56,0.687,0.395,0.597,0.631,0.596,0.724,0.606,0.631,0.573,0.772,0.765,0.738,0.753,0.777,0.775,0.674,0.723,0.765,0.776,0.803,0.536,0.774,0.698,0.728,0.724,0.738,0.793,0.691,0.726,0.738,0.681,0.761,0.698,0.677,0.727,0.671,0.613,0.646,0.596,0.768,0.618,0.718,0.761,0.65,0.677
0.805,0.789,0.775,0.841,0.824,0.735,0.794,0.842,0.76,0.526,0.62,0.538,0.67,0.758,0.819,0.704,0.785,0.686,0.765,0.839,0.829,0.794,0.763,0.78,0.804,0.766,0.759,0.65,0.739,0.753,0.772,0.779,0.796,0.743,0.766,0.733,0.83,0.816,0.821,0.823,0.827,0.787,1.0,0.746,0.794,0.769,0.637,0.71,0.707,0.812,0.685,0.57,0.725,0.813,0.853,0.805,0.654,0.674,0.734,0.695,0.684,0.701,0.732,0.775,0.766,0.72,0.753,0.837,0.817,0.803,0.745,0.796,0.843,0.808,0.772,0.81,0.818,0.812,0.788,0.731,0.798,0.59,0.496,0.569,0.652,0.75,0.448,0.635,0.675,0.621,0.751,0.628,0.671,0.61,0.82,0.819,0.76,0.798,0.829,0.817,0.721,0.779,0.828,0.82,0.779,0.641,0.828,0.732,0.797,0.863,0.8,0.859,0.741,0.824,0.812,0.76,0.81,0.788,0.717,0.76,0.724,0.673,0.698,0.687,0.839,0.686,0.763,0.821,0.708,0.717
0.79,0.785,0.797,0.733,0.755,0.653,0.707,0.742,0.675,0.466,0.554,0.48,0.55,0.626,0.699,0.688,0.682,0.598,0.735,0.737,0.754,0.706,0.683,0.681,0.71,0.667,0.687,0.535,0.646,0.682,0.686,0.724,0.756,0.666,0.69,0.647,0.753,0.784,0.718,0.741,0.747,0.819,0.746,1.0,0.75,0.699,0.519,0.578,0.637,0.729,0.629,0.497,0.601,0.719,0.782,0.771,0.59,0.697,0.681,0.616,0.616,0.688,0.685,0.698,0.722,0.684,0.649,0.741,0.727,0.742,0.676,0.69,0.773,0.703,0.625,0.743,0.675,0.711,0.703,0.64,0.735,0.549,0.448,0.516,0.549,0.656,0.407,0.587,0.609,0.548,0.668,0.584,0.595,0.523,0.719,0.725,0.712,0.728,0.75,0.732,0.682,0.701,0.732,0.724,0.843,0.516,0.745,0.647,0.691,0.682,0.719,0.774,0.665,0.681,0.689,0.673,0.749,0.699,0.665,0.685,0.673,0.602,0.62,0.586,0.733,0.582,0.668,0.716,0.595,0.628
0.758,0.752,0.712,0.78,0.733,0.786,0.765,0.836,0.675,0.525,0.527,0.473,0.639,0.722,0.764,0.647,0.727,0.591,0.697,0.754,0.781,0.75,0.799,0.743,0.777,0.673,0.697,0.552,0.685,0.699,0.739,0.755,0.785,0.695,0.777,0.674,0.806,0.76,0.759,0.87,0.757,0.733,0.794,0.75,1.0,0.735,0.571,0.615,0.634,0.812,0.604,0.497,0.635,0.765,0.84,0.858,0.63,0.615,0.724,0.685,0.683,0.712,0.773,0.75,0.768,0.763,0.687,0.746,0.787,0.731,0.745,0.788,0.817,0.834,0.627,0.75,0.736,0.798,0.795,0.653,0.733,0.504,0.434,0.465,0.572,0.678,0.426,0.547,0.592,0.553,0.717,0.594,0.6,0.577,0.759,0.774,0.747,0.806,0.802,0.795,0.763,0.772,0.799,0.784,0.734,0.711,0.827,0.679,0.747,0.719,0.787,0.798,0.704,0.701,0.744,0.805,0.843,0.742,0.726,0.726,0.646,0.585,0.613,0.597,0.782,0.597,0.667,0.787,0.64,0.66
0.706,0.735,0.678,0.728,0.712,0.647,0.682,0.78,0.668,0.457,0.553,0.476,0.558,0.641,0.726,0.619,0.64,0.593,0.677,0.74,0.725,0.704,0.645,0.713,0.714,0.707,0.642,0.546,0.629,0.634,0.677,0.713,0.685,0.671,0.686,0.635,0.764,0.744,0.77,0.774,0.765,0.714,0.769,0.699,0.735,1.0,0.661,0.763,0.801,0.779,0.623,0.508,0.659,0.766,0.798,0.696,0.579,0.635,0.704,0.604,0.591,0.636,0.619,0.706,0.699,0.645,0.631,0.745,0.734,0.73,0.666,0.677,0.766,0.704,0.641,0.748,0.715,0.718,0.719,0.643,0.737,0.598,0.482,0.593,0.584,0.689,0.416,0.596,0.594,0.538,0.68,0.537,0.572,0.518,0.73,0.763,0.679,0.7,0.739,0.736,0.639,0.703,0.717,0.744,0.702,0.523,0.74,0.643,0.706,0.719,0.713,0.761,0.641,0.687,0.69,0.673,0.743,0.722,0.702,0.728,0.71,0.659,0.653,0.61,0.716,0.61,0.71,0.75,0.621,0.66
0.594,0.529,0.502,0.613,0.584,0.593,0.563,0.684,0.706,0.517,0.378,0.347,0.555,0.538,0.658,0.571,0.519,0.399,0.453,0.533,0.526,0.529,0.497,0.48,0.568,0.595,0.547,0.358,0.446,0.476,0.497,0.602,0.483,0.492,0.585,0.617,0.663,0.67,0.709,0.648,0.691,0.528,0.637,0.519,0.571,0.661,1.0,0.841,0.578,0.654,0.433,0.413,0.494,0.631,0.646,0.558,0.534,0.444,0.619,0.611,0.562,0.586,0.55,0.607,0.597,0.57,0.595,0.591,0.618,0.583,0.514,0.588,0.594,0.621,0.596,0.521,0.688,0.58,0.64,0.614,0.539,0.337,0.658,0.356,0.699,0.642,0.574,0.409,0.442,0.402,0.603,0.453,0.445,0.565,0.646,0.614,0.607,0.605,0.693,0.7,0.658,0.66,0.639,0.597,0.611,0.528,0.627,0.586,0.662,0.658,0.601,0.665,0.596,0.636,0.685,0.585,0.615,0.712,0.513,0.5,0.453,0.578,0.489,0.744,0.646,0.556,0.568,0.619,0.607,0.636
0.646,0.59,0.565,0.674,0.64,0.61,0.627,0.742,0.738,0.537,0.458,0.403,0.608,0.615,0.722,0.609,0.568,0.498,0.549,0.632,0.602,0.604,0.552,0.558,0.634,0.671,0.614,0.451,0.537,0.562,0.558,0.661,0.572,0.58,0.641,0.663,0.733,0.724,0.786,0.71,0.76,0.606,0.71,0.578,0.615,0.763,0.841,1.0,0.677,0.706,0.498,0.477,0.602,0.712,0.707,0.628,0.61,0.522,0.683,0.664,0.601,0.605,0.608,0.667,0.641,0.611,0.663,0.683,0.668,0.649,0.592,0.656,0.661,0.676,0.642,0.604,0.732,0.661,0.702,0.677,0.634,0.422,0.666,0.487,0.707,0.721,0.571,0.459,0.513,0.471,0.666,0.525,0.534,0.613,0.71,0.692,0.649,0.67,0.742,0.735,0.686,0.707,0.694,0.677,0.659,0.576,0.703,0.639,0.726,0.737,0.682,0.739,0.659,0.71,0.734,0.649,0.671,0.76,0.59,0.598,0.556,0.647,0.584,0.763,0.728,0.63,0.646,0.694,0.674,0.693
0.64,0.664,0.652,0.666,0.66,0.55,0.652,0.684,0.616,0.46,0.569,0.482,0.537,0.603,0.649,0.593,0.599,0.589,0.637,0.688,0.629,0.643,0.552,0.657,0.631,0.67,0.582,0.549,0.557,0.586,0.609,0.631,0.603,0.62,0.56,0.557,0.668,0.694,0.712,0.651,0.729,0.66,0.707,0.637,0.634,0.801,0.578,0.677,1.0,0.75,0.609,0.49,0.637,0.681,0.713,0.611,0.495,0.614,0.604,0.502,0.486,0.578,0.518,0.602,0.623,0.565,0.589,0.698,0.688,0.701,0.58,0.578,0.673,0.614,0.615,0.72,0.655,0.644,0.634,0.622,0.717,0.629,0.437,0.576,0.558,0.669,0.379,0.622,0.589,0.533,0.571,0.488,0.547,0.473,0.639,0.667,0.605,0.603,0.643,0.626,0.532,0.61,0.62,0.663,0.632,0.416,0.662,0.585,0.634,0.698,0.649,0.701,0.594,0.666,0.637,0.599,0.676,0.644,0.625,0.688,0.681,0.637,0.659,0.591,0.682,0.587,0.689,0.67,0.577,0.607
0.763,0.745,0.739,0.792,0.751,0.749,0.804,0.858,0.765,0.557,0.607,0.529,0.669,0.752,0.772,0.678,0.704,0.646,0.745,0.782,0.755,0.752,0.726,0.713,0.741,0.761,0.72,0.617,0.658,0.69,0.683,0.74,0.736,0.718,0.719,0.633,0.786,0.817,0.823,0.791,0.81,0.722,0.812,0.729,0.812,0.779,0.654,0.706,0.75,1.0,0.649,0.561,0.718,0.78,0.817,0.785,0.63,0.664,0.741,0.669,0.648,0.685,0.677,0.726,0.748,0.729,0.732,0.804,0.839,0.803,0.738,0.732,0.789,0.817,0.724,0.801,0.793,0.821,0.79,0.753,0.793,0.603,0.521,0.562,0.684,0.791,0.482,0.633,0.659,0.588,0.708,0.61,0.659,0.644,0.768,0.788,0.732,0.76,0.807,0.793,0.712,0.782,0.779,0.805,0.735,0.646,0.805,0.735,0.779,0.809,0.811,0.834,0.757,0.781,0.789,0.804,0.799,0.823,0.774,0.779,0.725,0.713,0.699,0.727,0.828,0.689,0.762,0.818,0.716,0.726
0.632,0.677,0.649,0.705,0.635,0.553,0.635,0.633,0.618,0.449,0.676,0.626,0.62,0.674,0.683,0.629,0.656,0.73,0.629,0.642,0.645,0.658,0.572,0.634,0.612,0.66,0.595,0.64,0.617,0.633,0.599,0.646,0.625,0.596,0.525,0.449,0.604,0.609,0.646,0.592,0.653,0.635,0.685,0.629,0.604,0.623,0.433,0.498,0.609,0.649,1.0,0.613,0.632,0.706,0.67,0.597,0.494,0.632,0.551,0.525,0.504,0.577,0.482,0.604,0.612,0.53,0.56,0.695,0.696,0.693,0.581,0.557,0.685,0.606,0.595,0.718,0.593,0.626,0.565,0.592,0.684,0.585,0.445,0.568,0.518,0.605,0.36,0.766,0.728,0.62,0.618,0.529,0.629,0.448,0.645,0.637,0.6,0.586,0.618,0.6,0.515,0.567,0.594,0.623,0.616,0.391,0.618,0.594,0.615,0.635,0.619,0.682,0.56,0.584,0.585,0.548,0.642,0.574,0.551,0.614,0.628,0.608,0.7,0.548,0.649,0.67,0.683,0.642,0.522,0.542
0.534,0.527,0.487,0.569,0.495,0.457,0.531,0.565,0.562,0.405,0.731,0.753,0.606,0.562,0.615,0.52,0.495,0.746,0.531,0.547,0.543,0.541,0.478,0.51,0.531,0.582,0.525,0.558,0.532,0.514,0.489,0.541,0.516,0.509,0.475,0.418,0.556,0.544,0.562,0.516,0.58,0.525,0.57,0.497,0.497,0.508,0.413,0.477,0.49,0.561,0.613,1.0,0.567,0.578,0.556,0.52,0.456,0.501,0.496,0.476,0.436,0.472,0.461,0.511,0.508,0.472,0.529,0.584,0.569,0.584,0.514,0.526,0.571,0.547,0.533,0.565,0.521,0.555,0.521,0.543,0.567,0.448,0.389,0.439,0.482,0.543,0.351,0.536,0.762,0.695,0.522,0.438,0.502,0.47,0.557,0.557,0.522,0.526,0.566,0.542,0.484,0.541,0.538,0.562,0.522,0.396,0.551,0.521,0.559,0.57,0.565,0.594,0.533,0.541,0.564,0.514,0.535,0.55,0.495,0.526,0.506,0.498,0.692,0.518,0.612,0.797,0.61,0.57,0.501,0.507
0.647,0.641,0.604,0.686,0.623,0.565,0.667,0.7,0.644,0.458,0.6,0.512,0.605,0.703,0.708,0.615,0.592,0.661,0.683,0.706,0.683,0.693,0.649,0.653,0.683,0.713,0.665,0.618,0.641,0.661,0.623,0.659,0.675,0.649,0.626,0.55,0.694,0.695,0.745,0.664,0.726,0.661,0.725,0.601,0.635,0.659,0.494,0.602,0.637,0.718,0.632,0.567,1.0,0.748,0.706,0.662,0.589,0.637,0.638,0.616,0.576,0.593,0.594,0.646,0.647,0.597,0.678,0.734,0.719,0.719,0.64,0.672,0.694,0.69,0.655,0.702,0.665,0.708,0.689,0.695,0.729,0.566,0.446,0.552,0.585,0.73,0.41,0.613,0.64,0.585,0.649,0.577,0.661,0.671,0.706,0.728,0.662,0.674,0.702,0.682,0.614,0.687,0.693,0.736,0.64,0.514,0.706,0.669,0.711,0.741,0.721,0.741,0.712,0.693,0.712,0.653,0.666,0.679,0.651,0.696,0.654,0.639,0.66,0.623,0.745,0.66,0.742,0.73,0.659,0.655
0.757,0.77,0.719,0.819,0.756,0.708,0.735,0.827,0.751,0.531,0.619,0.537,0.659,0.752,0.845,0.713,0.701,0.679,0.742,0.777,0.805,0.795,0.749,0.734,0.797,0.754,0.755,0.625,0.776,0.811,0.752,0.778,0.774,0.734,0.784,0.654,0.812,0.801,0.828,0.816,0.818,0.773,0.813,0.719,0.765,0.766,0.631,0.712,0.681,0.78,0.706,0.578,0.748,1.0,0.843,0.77,0.742,0.695,0.781,0.804,0.758,0.72,0.724,0.776,0.769,0.732,0.758,0.811,0.794,0.791,0.74,0.807,0.833,0.797,0.693,0.776,0.785,0.797,0.812,0.747,0.796,0.56,0.524,0.535,0.65,0.769,0.493,0.639,0.679,0.664,0.832,0.717,0.75,0.674,0.866,0.83,0.779,0.79,0.827,0.836,0.727,0.81,0.804,0.823,0.784,0.615,0.821,0.78,0.83,0.8,0.812,0.837,0.746,0.755,0.789,0.746,0.788,0.784,0.716,0.753,0.686,0.654,0.688,0.708,0.832,0.698,0.761,0.861,0.778,0.781
0.809,0.812,0.743,0.818,0.789,0.74,0.759,0.865,0.743,0.533,0.597,0.52,0.628,0.716,0.839,0.735,0.732,0.654,0.767,0.814,0.844,0.803,0.782,0.768,0.84,0.753,0.777,0.607,0.751,0.772,0.81,0.809,0.808,0.758,0.82,0.758,0.885,0.839,0.837,0.868,0.86,0.804,0.853,0.782,0.84,0.798,0.646,0.707,0.713,0.817,0.67,0.556,0.706,0.843,1.0,0.832,0.701,0.691,0.787,0.774,0.77,0.783,0.788,0.801,0.8,0.78,0.763,0.814,0.8,0.79,0.767,0.838,0.87,0.82,0.699,0.8,0.785,0.823,0.828,0.742,0.803,0.558,0.479,0.533,0.623,0.755,0.46,0.605,0.664,0.637,0.8,0.68,0.706,0.655,0.857,0.868,0.816,0.846,0.848,0.849,0.793,0.833,0.859,0.834,0.815,0.64,0.846,0.766,0.827,0.799,0.826,0.855,0.757,0.77,0.822,0.767,0.835,0.814,0.751,0.781,0.708,0.65,0.675,0.666,0.847,0.676,0.76,0.853,0.746,0.738
0.77,0.747,0.698,0.788,0.719,0.775,0.787,0.822,0.694,0.527,0.553,0.49,0.688,0.764,0.776,0.687,0.736,0.611,0.737,0.778,0.809,0.767,0.799,0.737,0.795,0.702,0.739,0.569,0.718,0.752,0.735,0.771,0.812,0.716,0.787,0.731,0.817,0.78,0.786,0.86,0.775,0.737,0.805,0.771,0.858,0.696,0.558,0.628,0.611,0.785,0.597,0.52,0.662,0.77,0.832,1.0,0.679,0.652,0.743,0.707,0.712,0.728,0.818,0.769,0.784,0.777,0.725,0.778,0.795,0.76,0.764,0.801,0.814,0.841,0.656,0.753,0.745,0.807,0.807,0.686,0.759,0.514,0.46,0.489,0.58,0.689,0.443,0.53,0.603,0.565,0.73,0.636,0.623,0.619,0.778,0.793,0.771,0.819,0.818,0.802,0.776,0.784,0.814,0.799,0.771,0.74,0.846,0.714,0.769,0.737,0.816,0.817,0.739,0.741,0.775,0.825,0.821,0.753,0.74,0.728,0.661,0.592,0.626,0.611,0.813,0.626,0.696,0.778,0.687,0.7
0.634,0.622,0.59,0.682,0.617,0.599,0.608,0.704,0.618,0.493,0.481,0.427,0.57,0.611,0.712,0.604,0.563,0.527,0.618,0.657,0.692,0.669,0.64,0.581,0.699,0.603,0.664,0.47,0.704,0.714,0.656,0.658,0.684,0.624,0.723,0.609,0.703,0.7,0.697,0.689,0.673,0.638,0.654,0.59,0.63,0.579,0.534,0.61,0.495,0.63,0.494,0.456,0.589,0.742,0.701,0.679,1.0,0.661,0.799,0.789,0.749,0.646,0.69,0.684,0.679,0.682,0.707,0.684,0.652,0.686,0.653,0.724,0.711,0.725,0.584,0.641,0.714,0.725,0.753,0.679,0.683,0.422,0.447,0.414,0.557,0.646,0.463,0.433,0.546,0.594,0.776,0.723,0.681,0.637,0.765,0.707,0.691,0.698,0.725,0.74,0.658,0.719,0.708,0.718,0.683,0.599,0.723,0.729,0.744,0.675,0.71,0.707,0.657,0.677,0.703,0.675,0.685,0.674,0.644,0.637,0.527,0.507,0.553,0.576,0.731,0.581,0.64,0.748,0.72,0.706
0.66,0.702,0.687,0.689,0.656,0.548,0.635,0.646,0.615,0.456,0.596,0.506,0.558,0.631,0.662,0.64,0.602,0.603,0.698,0.689,0.682,0.668,0.603,0.629,0.663,0.654,0.643,0.619,0.635,0.671,0.635,0.65,0.682,0.655,0.601,0.553,0.666,0.694,0.675,0.625,0.672,0.691,0.674,0.697,0.615,0.635,0.444,0.522,0.614,0.664,0.632,0.501,0.637,0.695,0.691,0.652,0.661,1.0,0.665,0.584,0.572,0.626,0.576,0.633,0.645,0.631,0.643,0.72,0.69,0.733,0.666,0.62,0.729,0.654,0.608,0.746,0.644,0.696,0.651,0.666,0.74,0.613,0.425,0.552,0.545,0.655,0.4,0.612,0.638,0.573,0.627,0.593,0.655,0.557,0.68,0.682,0.655,0.626,0.663,0.642,0.549,0.633,0.638,0.692,0.716,0.442,0.677,0.667,0.663,0.666,0.676,0.714,0.658,0.659,0.639,0.612,0.672,0.624,0.636,0.671,0.648,0.604,0.63,0.543,0.694,0.588,0.687,0.682,0.608,0.611
0.729,0.704,0.643,0.742,0.699,0.681,0.7,0.793,0.695,0.505,0.51,0.448,0.61,0.654,0.77,0.631,0.619,0.575,0.68,0.742,0.748,0.729,0.678,0.679,0.761,0.697,0.714,0.526,0.714,0.733,0.707,0.728,0.72,0.691,0.775,0.665,0.761,0.777,0.758,0.76,0.755,0.701,0.734,0.681,0.724,0.704,0.619,0.683,0.604,0.741,0.551,0.496,0.638,0.781,0.787,0.743,0.799,0.665,1.0,0.801,0.779,0.692,0.739,0.757,0.743,0.731,0.723,0.757,0.743,0.736,0.743,0.775,0.784,0.772,0.649,0.714,0.788,0.801,0.807,0.718,0.755,0.49,0.544,0.534,0.66,0.719,0.51,0.498,0.572,0.601,0.806,0.723,0.677,0.647,0.819,0.778,0.744,0.761,0.802,0.809,0.732,0.808,0.777,0.804,0.756,0.644,0.803,0.747,0.795,0.75,0.769,0.786,0.718,0.728,0.752,0.741,0.764,0.78,0.743,0.722,0.666,0.612,0.628,0.655,0.787,0.643,0.704,0.804,0.734,0.739
0.678,0.646,0.59,0.711,0.659,0.66,0.633,0.767,0.682,0.484,0.466,0.427,0.591,0.624,0.758,0.598,0.581,0.539,0.632,0.658,0.722,0.686,0.664,0.603,0.737,0.645,0.701,0.491,0.729,0.748,0.675,0.693,0.692,0.644,0.76,0.632,0.751,0.725,0.734,0.748,0.728,0.664,0.695,0.616,0.685,0.604,0.611,0.664,0.502,0.669,0.525,0.476,0.616,0.804,0.774,0.707,0.789,0.584,0.801,1.0,0.833,0.656,0.735,0.726,0.693,0.697,0.705,0.711,0.689,0.668,0.673,0.784,0.737,0.742,0.611,0.623,0.733,0.732,0.784,0.67,0.688,0.382,0.508,0.402,0.614,0.686,0.506,0.453,0.567,0.649,0.836,0.751,0.723,0.652,0.849,0.767,0.706,0.745,0.789,0.817,0.735,0.785,0.774,0.763,0.735,0.635,0.765,0.752,0.799,0.724,0.754,0.751,0.692,0.687,0.749,0.711,0.703,0.751,0.646,0.645,0.538,0.523,0.549,0.648,0.77,0.622,0.643,0.795,0.784,0.765
0.675,0.629,0.577,0.69,0.65,0.659,0.624,0.736,0.622,0.467,0.439,0.398,0.577,0.61,0.754,0.598,0.589,0.523,0.628,0.668,0.746,0.696,0.696,0.612,0.712,0.6,0.707,0.483,0.739,0.753,0.705,0.68,0.696,0.627,0.763,0.652,0.727,0.708,0.709,0.733,0.68,0.633,0.684,0.616,0.683,0.591,0.562,0.601,0.486,0.648,0.504,0.436,0.576,0.758,0.77,0.712,0.749,0.572,0.779,0.833,1.0,0.681,0.738,0.712,0.725,0.725,0.678,0.685,0.669,0.637,0.666,0.76,0.727,0.72,0.576,0.61,0.699,0.705,0.772,0.617,0.672,0.366,0.438,0.366,0.558,0.635,0.465,0.424,0.525,0.599,0.79,0.734,0.682,0.613,0.809,0.756,0.725,0.724,0.742,0.773,0.711,0.757,0.748,0.738,0.711,0.642,0.762,0.724,0.765,0.682,0.712,0.713,0.662,0.662,0.694,0.688,0.699,0.703,0.645,0.647,0.554,0.5,0.525,0.578,0.748,0.576,0.621,0.765,0.739,0.72
0.705,0.702,0.648,0.718,0.682,0.648,0.655,0.741,0.675,0.545,0.531,0.459,0.58,0.632,0.716,0.796,0.647,0.558,0.644,0.707,0.722,0.709,0.707,0.642,0.734,0.655,0.691,0.508,0.647,0.661,0.72,0.714,0.705,0.718,0.735,0.671,0.753,0.75,0.745,0.757,0.706,0.684,0.701,0.688,0.712,0.636,0.586,0.605,0.578,0.685,0.577,0.472,0.593,0.72,0.783,0.728,0.646,0.626,0.692,0.656,0.681,1.0,0.711,0.725,0.768,0.819,0.749,0.737,0.706,0.692,0.665,0.731,0.771,0.719,0.639,0.7,0.704,0.721,0.754,0.705,0.717,0.492,0.489,0.438,0.616,0.695,0.489,0.521,0.569,0.53,0.692,0.597,0.61,0.62,0.737,0.731,0.834,0.749,0.752,0.741,0.71,0.74,0.746,0.723,0.739,0.585,0.748,0.716,0.724,0.693,0.739,0.768,0.71,0.704,0.712,0.676,0.76,0.695,0.643,0.676,0.609,0.614,0.579,0.638,0.749,0.587,0.656,0.741,0.668,0.677
0.714,0.686,0.615,0.696,0.652,0.694,0.677,0.763,0.635,0.514,0.468,0.419,0.585,0.657,0.713,0.629,0.645,0.545,0.677,0.73,0.752,0.713,0.748,0.662,0.764,0.63,0.715,0.493,0.698,0.712,0.714,0.735,0.756,0.657,0.792,0.721,0.786,0.737,0.74,0.806,0.722,0.684,0.732,0.685,0.773,0.619,0.55,0.608,0.518,0.677,0.482,0.461,0.594,0.724,0.788,0.818,0.69,0.576,0.739,0.735,0.738,0.711,1.0,0.798,0.771,0.742,0.73,0.718,0.705,0.695,0.71,0.778,0.748,0.778,0.672,0.658,0.716,0.747,0.813,0.652,0.689,0.413,0.424,0.419,0.585,0.651,0.448,0.439,0.527,0.543,0.726,0.631,0.614,0.617,0.782,0.752,0.748,0.813,0.786,0.782,0.793,0.766,0.805,0.76,0.733,0.683,0.795,0.709,0.747,0.698,0.758,0.767,0.707,0.711,0.758,0.738,0.762,0.723,0.68,0.66,0.582,0.519,0.554,0.59,0.772,0.581,0.67,0.759,0.697,0.706
0.742,0.726,0.671,0.758,0.744,0.68,0.708,0.814,0.704,0.499,0.539,0.479,0.6,0.66,0.774,0.66,0.67,0.599,0.687,0.744,0.762,0.741,0.707,0.716,0.777,0.689,0.706,0.546,0.702,0.686,0.716,0.758,0.743,0.691,0.787,0.713,0.797,0.762,0.76,0.783,0.769,0.717,0.775,0.698,0.75,0.706,0.607,0.667,0.602,0.726,0.604,0.511,0.646,0.776,0.801,0.769,0.684,0.633,0.757,0.726,0.712,0.725,0.798,1.0,0.792,0.734,0.745,0.782,0.76,0.766,0.719,0.792,0.813,0.767,0.733,0.742,0.767,0.767,0.828,0.723,0.755,0.489,0.508,0.512,0.679,0.705,0.476,0.551,0.599,0.561,0.748,0.623,0.622,0.623,0.812,0.806,0.768,0.794,0.819,0.817,0.741,0.798,0.809,0.802,0.749,0.622,0.811,0.722,0.794,0.751,0.779,0.81,0.718,0.731,0.762,0.711,0.784,0.763,0.711,0.722,0.678,0.622,0.621,0.652,0.798,0.632,0.742,0.794,0.695,0.706
0.733,0.73,0.694,0.757,0.72,0.692,0.713,0.79,0.684,0.551,0.548,0.484,0.608,0.68,0.761,0.689,0.691,0.603,0.715,0.759,0.774,0.757,0.75,0.715,0.768,0.681,0.722,0.561,0.703,0.72,0.736,0.752,0.758,0.722,0.787,0.671,0.786,0.777,0.778,0.788,0.752,0.729,0.766,0.722,0.768,0.699,0.597,0.641,0.623,0.748,0.612,0.508,0.647,0.769,0.8,0.784,0.679,0.645,0.743,0.693,0.725,0.768,0.771,0.792,1.0,0.804,0.754,0.77,0.78,0.762,0.73,0.786,0.816,0.79,0.679,0.756,0.765,0.784,0.807,0.702,0.754,0.524,0.476,0.499,0.632,0.711,0.468,0.574,0.607,0.555,0.728,0.626,0.626,0.635,0.79,0.788,0.789,0.791,0.801,0.809,0.742,0.784,0.807,0.794,0.751,0.634,0.814,0.747,0.777,0.748,0.785,0.811,0.734,0.75,0.767,0.744,0.807,0.737,0.722,0.738,0.647,0.623,0.642,0.65,0.797,0.628,0.72,0.79,0.696,0.723
0.689,0.69,0.65,0.729,0.669,0.712,0.698,0.776,0.676,0.529,0.496,0.445,0.625,0.679,0.733,0.689,0.651,0.556,0.657,0.697,0.746,0.712,0.746,0.674,0.734,0.652,0.701,0.513,0.674,0.685,0.704,0.707,0.726,0.703,0.765,0.653,0.766,0.746,0.749,0.795,0.711,0.682,0.72,0.684,0.763,0.645,0.57,0.611,0.565,0.729,0.53,0.472,0.597,0.732,0.78,0.777,0.682,0.631,0.731,0.697,0.725,0.819,0.742,0.734,0.804,1.0,0.806,0.767,0.769,0.715,0.723,0.779,0.812,0.796,0.625,0.715,0.721,0.802,0.79,0.718,0.729,0.467,0.476,0.43,0.609,0.704,0.481,0.477,0.56,0.548,0.714,0.61,0.615,0.643,0.761,0.748,0.794,0.745,0.784,0.78,0.715,0.78,0.76,0.757,0.741,0.698,0.798,0.713,0.74,0.692,0.779,0.761,0.731,0.711,0.715,0.765,0.771,0.731,0.687,0.69,0.602,0.607,0.573,0.638,0.765,0.596,0.65,0.764,0.69,0.7
0.712,0.68,0.655,0.751,0.683,0.659,0.696,0.779,0.746,0.604,0.572,0.498,0.648,0.695,0.761,0.697,0.642,0.606,0.698,0.734,0.724,0.733,0.7,0.644,0.754,0.716,0.755,0.58,0.658,0.682,0.679,0.715,0.709,0.674,0.744,0.659,0.784,0.787,0.787,0.746,0.763,0.694,0.753,0.649,0.687,0.631,0.595,0.663,0.589,0.732,0.56,0.529,0.678,0.758,0.763,0.725,0.707,0.643,0.723,0.705,0.678,0.749,0.73,0.745,0.754,0.806,1.0,0.811,0.777,0.794,0.705,0.773,0.786,0.779,0.727,0.74,0.761,0.801,0.817,0.816,0.789,0.523,0.536,0.51,0.72,0.794,0.516,0.549,0.615,0.579,0.718,0.621,0.644,0.704,0.778,0.741,0.774,0.767,0.801,0.78,0.736,0.774,0.78,0.789,0.723,0.614,0.783,0.766,0.787,0.769,0.777,0.813,0.782,0.768,0.782,0.711,0.754,0.763,0.664,0.705,0.621,0.662,0.642,0.738,0.811,0.671,0.728,0.787,0.733,0.719
0.765,0.763,0.745,0.804,0.778,0.702,0.767,0.824,0.768,0.546,0.646,0.562,0.679,0.794,0.811,0.727,0.736,0.701,0.765,0.83,0.796,0.8,0.73,0.742,0.797,0.788,0.769,0.653,0.709,0.746,0.728,0.78,0.783,0.746,0.762,0.683,0.815,0.821,0.81,0.782,0.824,0.759,0.837,0.741,0.746,0.745,0.591,0.683,0.698,0.804,0.695,0.584,0.734,0.811,0.814,0.778,0.684,0.72,0.757,0.711,0.685,0.737,0.718,0.782,0.77,0.767,0.811,1.0,0.843,0.849,0.759,0.795,0.838,0.831,0.751,0.831,0.807,0.842,0.814,0.791,0.859,0.612,0.533,0.632,0.686,0.801,0.484,0.649,0.699,0.627,0.756,0.635,0.702,0.66,0.812,0.801,0.784,0.794,0.832,0.809,0.721,0.806,0.806,0.844,0.778,0.609,0.836,0.75,0.799,0.843,0.838,0.864,0.772,0.816,0.8,0.765,0.81,0.808,0.737,0.774,0.734,0.703,0.723,0.722,0.854,0.715,0.795,0.82,0.734,0.73
0.762,0.743,0.74,0.821,0.736,0.79,0.813,0.823,0.756,0.551,0.639,0.551,0.721,0.812,0.8,0.696,0.742,0.682,0.748,0.781,0.773,0.759,0.766,0.745,0.757,0.766,0.714,0.634,0.691,0.732,0.688,0.745,0.773,0.727,0.723,0.617,0.775,0.781,0.803,0.8,0.804,0.737,0.817,0.727,0.787,0.734,0.618,0.668,0.688,0.839,0.696,0.569,0.719,0.794,0.8,0.795,0.652,0.69,0.743,0.689,0.669,0.706,0.705,0.76,0.78,0.769,0.777,0.843,1.0,0.865,0.762,0.773,0.834,0.859,0.741,0.822,0.803,0.835,0.79,0.748,0.826,0.597,0.532,0.589,0.678,0.755,0.485,0.671,0.689,0.61,0.74,0.628,0.67,0.614,0.796,0.793,0.756,0.755,0.819,0.81,0.704,0.794,0.785,0.812,0.754,0.687,0.84,0.73,0.789,0.799,0.833,0.827,0.742,0.765,0.795,0.821,0.814,0.799,0.734,0.764,0.713,0.69,0.712,0.718,0.841,0.686,0.773,0.803,0.733,0.744
0.764,0.767,0.736,0.796,0.734,0.711,0.772,0.81,0.753,0.55,0.656,0.569,0.666,0.759,0.797,0.725,0.706,0.692,0.763,0.791,0.764,0.766,0.699,0.724,0.774,0.778,0.733,0.648,0.689,0.723,0.699,0.764,0.747,0.721,0.703,0.625,0.777,0.798,0.793,0.751,0.811,0.764,0.803,0.742,0.731,0.73,0.583,0.649,0.701,0.803,0.693,0.584,0.719,0.791,0.79,0.76,0.686,0.733,0.736,0.668,0.637,0.692,0.695,0.766,0.762,0.715,0.794,0.849,0.865,1.0,0.735,0.77,0.829,0.8,0.771,0.856,0.755,0.807,0.785,0.76,0.874,0.653,0.517,0.628,0.699,0.77,0.467,0.664,0.693,0.618,0.73,0.635,0.673,0.613,0.788,0.776,0.759,0.765,0.814,0.779,0.697,0.767,0.77,0.811,0.764,0.572,0.811,0.739,0.78,0.792,0.794,0.849,0.751,0.772,0.791,0.742,0.804,0.777,0.722,0.761,0.72,0.705,0.736,0.705,0.828,0.704,0.801,0.805,0.694,0.7
0.698,0.701,0.658,0.73,0.679,0.686,0.708,0.775,0.67,0.475,0.547,0.477,0.601,0.691,0.731,0.637,0.666,0.608,0.768,0.739,0.743,0.72,0.714,0.683,0.729,0.676,0.758,0.762,0.694,0.688,0.681,0.712,0.738,0.698,0.736,0.623,0.765,0.732,0.733,0.771,0.74,0.698,0.745,0.676,0.745,0.666,0.514,0.592,0.58,0.738,0.581,0.514,0.64,0.74,0.767,0.764,0.653,0.666,0.743,0.673,0.666,0.665,0.71,0.719,0.73,0.723,0.705,0.759,0.762,0.735,1.0,0.763,0.818,0.786,0.639,0.766,0.729,0.828,0.763,0.675,0.732,0.498,0.427,0.49,0.587,0.672,0.4,0.538,0.596,0.556,0.72,0.597,0.61,0.58,0.749,0.75,0.728,0.756,0.767,0.763,0.697,0.756,0.76,0.826,0.697,0.634,0.784,0.682,0.738,0.721,0.768,0.767,0.721,0.697,0.735,0.74,0.744,0.726,0.698,0.699,0.641,0.588,0.615,0.603,0.762,0.607,0.672,0.773,0.667,0.679
0.756,0.739,0.673,0.768,0.719,0.723,0.722,0.84,0.701,0.505,0.54,0.483,0.637,0.688,0.814,0.656,0.67,0.622,0.724,0.766,0.804,0.776,0.765,0.727,0.834,0.705,0.747,0.57,0.74,0.725,0.753,0.756,0.793,0.721,0.842,0.692,0.844,0.784,0.791,0.844,0.801,0.759,0.796,0.69,0.788,0.677,0.588,0.656,0.578,0.732,0.557,0.526,0.672,0.807,0.838,0.801,0.724,0.62,0.775,0.784,0.76,0.731,0.778,0.792,0.786,0.779,0.773,0.795,0.773,0.77,0.763,1.0,0.854,0.826,0.671,0.747,0.773,0.81,0.841,0.699,0.772,0.45,0.46,0.477,0.601,0.701,0.464,0.499,0.618,0.589,0.789,0.655,0.633,0.654,0.833,0.832,0.803,0.841,0.858,0.862,0.782,0.857,0.859,0.839,0.766,0.7,0.857,0.733,0.818,0.769,0.83,0.823,0.744,0.752,0.812,0.783,0.804,0.798,0.734,0.737,0.621,0.57,0.616,0.651,0.841,0.66,0.711,0.839,0.734,0.737
0.793,0.81,0.752,0.846,0.79,0.748,0.76,0.847,0.751,0.525,0.628,0.541,0.654,0.733,0.834,0.736,0.745,0.671,0.772,0.812,0.847,0.804,0.77,0.784,0.831,0.754,0.761,0.67,0.755,0.75,0.779,0.795,0.808,0.763,0.8,0.686,0.83,0.807,0.8,0.853,0.805,0.797,0.843,0.773,0.817,0.766,0.594,0.661,0.673,0.789,0.685,0.571,0.694,0.833,0.87,0.814,0.711,0.729,0.784,0.737,0.727,0.771,0.748,0.813,0.816,0.812,0.786,0.838,0.834,0.829,0.818,0.854,1.0,0.843,0.715,0.846,0.805,0.849,0.824,0.749,0.821,0.584,0.493,0.552,0.63,0.735,0.453,0.622,0.681,0.615,0.798,0.653,0.661,0.627,0.84,0.838,0.816,0.815,0.845,0.851,0.739,0.831,0.836,0.853,0.809,0.652,0.859,0.754,0.819,0.792,0.829,0.856,0.752,0.766,0.792,0.773,0.841,0.791,0.75,0.77,0.705,0.655,0.69,0.663,0.835,0.671,0.751,0.847,0.711,0.723
0.758,0.725,0.705,0.806,0.73,0.81,0.807,0.844,0.76,0.572,0.575,0.495,0.731,0.815,0.817,0.679,0.72,0.633,0.722,0.77,0.788,0.76,0.808,0.73,0.775,0.739,0.751,0.587,0.69,0.731,0.695,0.761,0.797,0.715,0.792,0.659,0.809,0.788,0.803,0.866,0.796,0.723,0.808,0.703,0.834,0.704,0.621,0.676,0.614,0.817,0.606,0.547,0.69,0.797,0.82,0.841,0.725,0.654,0.772,0.742,0.72,0.719,0.778,0.767,0.79,0.796,0.779,0.831,0.859,0.8,0.786,0.826,0.843,1.0,0.7,0.774,0.794,0.867,0.831,0.756,0.789,0.504,0.518,0.502,0.664,0.752,0.49,0.55,0.634,0.577,0.764,0.632,0.644,0.676,0.811,0.805,0.787,0.806,0.855,0.842,0.769,0.844,0.821,0.83,0.757,0.79,0.88,0.74,0.811,0.777,0.862,0.829,0.765,0.759,0.816,0.88,0.835,0.808,0.755,0.732,0.643,0.641,0.655,0.708,0.853,0.671,0.723,0.832,0.726,0.722
0.687,0.65,0.648,0.724,0.671,0.605,0.689,0.73,0.714,0.531,0.579,0.496,0.607,0.671,0.698,0.643,0.647,0.615,0.661,0.718,0.665,0.691,0.607,0.631,0.692,0.726,0.661,0.586,0.6,0.621,0.612,0.663,0.628,0.686,0.656,0.609,0.709,0.742,0.749,0.658,0.723,0.648,0.772,0.625,0.627,0.641,0.596,0.642,0.615,0.724,0.595,0.533,0.655,0.693,0.699,0.656,0.584,0.608,0.649,0.611,0.576,0.639,0.672,0.733,0.679,0.625,0.727,0.751,0.741,0.771,0.639,0.671,0.715,0.7,1.0,0.733,0.729,0.721,0.73,0.734,0.723,0.566,0.538,0.541,0.733,0.73,0.484,0.572,0.603,0.554,0.635,0.556,0.627,0.601,0.721,0.694,0.672,0.695,0.728,0.694,0.644,0.689,0.711,0.725,0.673,0.519,0.709,0.69,0.709,0.782,0.709,0.784,0.701,0.751,0.746,0.655,0.683,0.725,0.615,0.672,0.629,0.65,0.648,0.693,0.758,0.651,0.755,0.71,0.636,0.654
0.746,0.771,0.75,0.809,0.765,0.678,0.764,0.792,0.715,0.512,0.658,0.563,0.639,0.729,0.765,0.699,0.726,0.69,0.792,0.807,0.785,0.774,0.703,0.74,0.769,0.753,0.73,0.704,0.696,0.723,0.729,0.753,0.749,0.731,0.708,0.62,0.769,0.775,0.766,0.748,0.783,0.764,0.81,0.743,0.75,0.748,0.521,0.604,0.72,0.801,0.718,0.565,0.702,0.776,0.8,0.753,0.641,0.746,0.714,0.623,0.61,0.7,0.658,0.742,0.756,0.715,0.74,0.831,0.822,0.856,0.766,0.747,0.846,0.774,0.733,1.0,0.764,0.811,0.766,0.736,0.854,0.676,0.45,0.622,0.623,0.742,0.418,0.688,0.693,0.602,0.706,0.611,0.662,0.578,0.767,0.774,0.739,0.748,0.777,0.753,0.652,0.738,0.755,0.811,0.749,0.552,0.799,0.717,0.749,0.785,0.784,0.822,0.724,0.765,0.759,0.726,0.797,0.74,0.726,0.776,0.742,0.687,0.73,0.638,0.806,0.662,0.781,0.793,0.662,0.673
0.729,0.716,0.715,0.776,0.784,0.694,0.717,0.82,0.744,0.546,0.555,0.486,0.632,0.678,0.789,0.669,0.713,0.608,0.7,0.788,0.761,0.747,0.694,0.683,0.759,0.705,0.716,0.569,0.671,0.687,0.709,0.747,0.722,0.694,0.786,0.695,0.794,0.802,0.79,0.782,0.778,0.702,0.818,0.675,0.736,0.715,0.688,0.732,0.655,0.793,0.593,0.521,0.665,0.785,0.785,0.745,0.714,0.644,0.788,0.733,0.699,0.704,0.716,0.767,0.765,0.721,0.761,0.807,0.803,0.755,0.729,0.773,0.805,0.794,0.729,0.764,1.0,0.824,0.831,0.766,0.76,0.499,0.546,0.506,0.689,0.777,0.501,0.584,0.623,0.55,0.762,0.614,0.63,0.646,0.794,0.797,0.747,0.791,0.818,0.849,0.741,0.811,0.837,0.804,0.738,0.621,0.806,0.736,0.799,0.865,0.806,0.832,0.72,0.826,0.825,0.733,0.78,0.82,0.713,0.726,0.657,0.646,0.654,0.745,0.83,0.659,0.707,0.805,0.773,0.779
0.749,0.736,0.715,0.793,0.741,0.75,0.787,0.838,0.752,0.55,0.592,0.522,0.689,0.778,0.803,0.683,0.7,0.654,0.758,0.785,0.788,0.768,0.766,0.734,0.778,0.747,0.781,0.643,0.703,0.724,0.722,0.754,0.78,0.731,0.777,0.651,0.815,0.8,0.793,0.819,0.8,0.732,0.812,0.711,0.798,0.718,0.58,0.661,0.644,0.821,0.626,0.555,0.708,0.797,0.823,0.807,0.725,0.696,0.801,0.732,0.705,0.721,0.747,0.767,0.784,0.802,0.801,0.842,0.835,0.807,0.828,0.81,0.849,0.867,0.721,0.811,0.824,1.0,0.854,0.817,0.821,0.547,0.493,0.537,0.691,0.798,0.447,0.574,0.655,0.599,0.764,0.642,0.669,0.673,0.807,0.808,0.779,0.794,0.829,0.828,0.738,0.816,0.808,0.839,0.744,0.702,0.848,0.754,0.793,0.792,0.831,0.825,0.785,0.768,0.796,0.821,0.793,0.802,0.753,0.75,0.678,0.678,0.667,0.706,0.831,0.7,0.745,0.831,0.743,0.728
0.763,0.739,0.696,0.796,0.754,0.731,0.746,0.862,0.746,0.603,0.568,0.504,0.652,0.709,0.827,0.682,0.673,0.616,0.732,0.785,0.802,0.784,0.768,0.711,0.819,0.719,0.772,0.587,0.749,0.744,0.747,0.768,0.782,0.732,0.841,0.7,0.842,0.817,0.827,0.837,0.808,0.735,0.788,0.703,0.795,0.719,0.64,0.702,0.634,0.79,0.565,0.521,0.689,0.812,0.828,0.807,0.753,0.651,0.807,0.784,0.772,0.754,0.813,0.828,0.807,0.79,0.817,0.814,0.79,0.785,0.763,0.841,0.824,0.831,0.73,0.766,0.831,0.854,1.0,0.789,0.805,0.517,0.522,0.491,0.71,0.792,0.534,0.539,0.631,0.584,0.79,0.657,0.657,0.701,0.848,0.823,0.794,0.837,0.858,0.876,0.797,0.848,0.847,0.867,0.773,0.681,0.867,0.779,0.829,0.795,0.827,0.856,0.787,0.786,0.826,0.786,0.824,0.821,0.749,0.769,0.664,0.655,0.656,0.723,0.855,0.681,0.748,0.858,0.767,0.775
0.685,0.659,0.62,0.751,0.683,0.612,0.686,0.756,0.779,0.618,0.602,0.509,0.659,0.714,0.753,0.704,0.61,0.617,0.665,0.715,0.706,0.716,0.654,0.639,0.721,0.755,0.767,0.586,0.624,0.652,0.635,0.693,0.669,0.678,0.69,0.622,0.742,0.774,0.784,0.705,0.764,0.665,0.731,0.64,0.653,0.643,0.614,0.677,0.622,0.753,0.592,0.543,0.695,0.747,0.742,0.686,0.679,0.666,0.718,0.67,0.617,0.705,0.652,0.723,0.702,0.718,0.816,0.791,0.748,0.76,0.675,0.699,0.749,0.756,0.734,0.736,0.766,0.817,0.789,1.0,0.763,0.579,0.609,0.568,0.779,0.865,0.546,0.595,0.624,0.568,0.686,0.587,0.674,0.756,0.756,0.732,0.75,0.719,0.769,0.747,0.692,0.749,0.732,0.766,0.708,0.571,0.75,0.79,0.77,0.775,0.759,0.806,0.813,0.759,0.771,0.687,0.72,0.759,0.647,0.714,0.659,0.762,0.663,0.81,0.8,0.704,0.737,0.775,0.732,0.707
0.757,0.76,0.738,0.786,0.746,0.663,0.77,0.793,0.723,0.54,0.662,0.565,0.641,0.738,0.792,0.709,0.689,0.69,0.769,0.804,0.782,0.782,0.712,0.744,0.784,0.77,0.743,0.646,0.712,0.758,0.73,0.749,0.762,0.734,0.725,0.645,0.785,0.794,0.787,0.744,0.801,0.763,0.798,0.735,0.733,0.737,0.539,0.634,0.717,0.793,0.684,0.567,0.729,0.796,0.803,0.759,0.683,0.74,0.755,0.688,0.672,0.717,0.689,0.755,0.754,0.729,0.789,0.859,0.826,0.874,0.732,0.772,0.821,0.789,0.723,0.854,0.76,0.821,0.805,0.763,1.0,0.678,0.492,0.651,0.671,0.791,0.453,0.663,0.703,0.639,0.74,0.682,0.712,0.631,0.8,0.791,0.764,0.764,0.792,0.774,0.68,0.76,0.766,0.821,0.765,0.561,0.821,0.745,0.778,0.792,0.809,0.838,0.75,0.781,0.772,0.739,0.797,0.759,0.739,0.791,0.75,0.705,0.741,0.673,0.833,0.69,0.791,0.812,0.721,0.716
0.551,0.59,0.555,0.59,0.529,0.426,0.567,0.517,0.519,0.392,0.577,0.457,0.451,0.554,0.524,0.541,0.504,0.559,0.592,0.602,0.556,0.571,0.47,0.571,0.555,0.615,0.506,0.528,0.497,0.531,0.52,0.523,0.535,0.548,0.43,0.42,0.51,0.558,0.558,0.485,0.563,0.574,0.59,0.549,0.504,0.598,0.337,0.422,0.629,0.603,0.585,0.448,0.566,0.56,0.558,0.514,0.422,0.613,0.49,0.382,0.366,0.492,0.413,0.489,0.524,0.467,0.523,0.612,0.597,0.653,0.498,0.45,0.584,0.504,0.566,0.676,0.499,0.547,0.517,0.579,0.678,1.0,0.403,0.621,0.478,0.584,0.364,0.64,0.556,0.475,0.45,0.433,0.522,0.408,0.524,0.544,0.513,0.484,0.508,0.474,0.391,0.465,0.489,0.56,0.543,0.29,0.55,0.548,0.518,0.568,0.547,0.609,0.535,0.568,0.517,0.479,0.554,0.484,0.541,0.609,0.627,0.573,0.613,0.463,0.559,0.512,0.619,0.551,0.454,0.483
0.504,0.42,0.406,0.531,0.462,0.466,0.507,0.563,0.686,0.491,0.368,0.321,0.529,0.511,0.571,0.523,0.424,0.379,0.38,0.442,0.41,0.44,0.372,0.392,0.442,0.588,0.498,0.343,0.353,0.407,0.35,0.519,0.37,0.425,0.439,0.437,0.477,0.537,0.598,0.482,0.546,0.425,0.496,0.448,0.434,0.482,0.658,0.666,0.437,0.521,0.445,0.389,0.446,0.524,0.479,0.46,0.447,0.425,0.544,0.508,0.438,0.489,0.424,0.508,0.476,0.476,0.536,0.533,0.532,0.517,0.427,0.46,0.493,0.518,0.538,0.45,0.546,0.493,0.522,0.609,0.492,0.403,1.0,0.553,0.746,0.636,0.635,0.44,0.406,0.362,0.497,0.393,0.427,0.523,0.545,0.486,0.518,0.482,0.597,0.56,0.55,0.556,0.494,0.491,0.538,0.448,0.528,0.52,0.582,0.548,0.529,0.606,0.55,0.514,0.541,0.506,0.519,0.626,0.429,0.428,0.504,0.638,0.487,0.75,0.578,0.534,0.483,0.498,0.497,0.521
0.528,0.554,0.524,0.549,0.501,0.409,0.557,0.522,0.553,0.348,0.523,0.424,0.456,0.564,0.527,0.495,0.489,0.544,0.566,0.593,0.521,0.547,0.439,0.547,0.538,0.622,0.521,0.516,0.479,0.487,0.481,0.533,0.514,0.516,0.433,0.394,0.503,0.537,0.547,0.477,0.56,0.536,0.569,0.516,0.465,0.593,0.356,0.487,0.576,0.562,0.568,0.439,0.552,0.535,0.533,0.489,0.414,0.552,0.534,0.402,0.366,0.438,0.419,0.512,0.499,0.43,0.51,0.632,0.589,0.628,0.49,0.477,0.552,0.502,0.541,0.622,0.506,0.537,0.491,0.568,0.651,0.621,0.553,1.0,0.506,0.622,0.324,0.626,0.524,0.472,0.489,0.42,0.504,0.399,0.532,0.518,0.499,0.496,0.519,0.476,0.415,0.478,0.492,0.565,0.518,0.315,0.526,0.531,0.522,0.577,0.55,0.6,0.516,0.55,0.517,0.483,0.542,0.535,0.542,0.591,0.679,0.674,0.603,0.527,0.563,0.53,0.635,0.558,0.481,0.472
0.632,0.549,0.548,0.675,0.607,0.578,0.627,0.696,0.773,0.619,0.484,0.431,0.629,0.634,0.697,0.633,0.552,0.498,0.547,0.601,0.567,0.586,0.536,0.518,0.591,0.694,0.657,0.483,0.49,0.549,0.506,0.629,0.519,0.551,0.571,0.54,0.624,0.689,0.715,0.614,0.677,0.56,0.652,0.549,0.572,0.584,0.699,0.707,0.558,0.684,0.518,0.482,0.585,0.65,0.623,0.58,0.557,0.545,0.66,0.614,0.558,0.616,0.585,0.679,0.632,0.609,0.72,0.686,0.678,0.699,0.587,0.601,0.63,0.664,0.733,0.623,0.689,0.691,0.71,0.779,0.671,0.478,0.746,0.506,1.0,0.802,0.616,0.495,0.536,0.475,0.615,0.506,0.543,0.643,0.68,0.628,0.641,0.611,0.719,0.675,0.638,0.654,0.631,0.652,0.63,0.533,0.666,0.68,0.69,0.702,0.649,0.739,0.711,0.675,0.697,0.619,0.644,0.728,0.537,0.574,0.572,0.722,0.594,0.821,0.722,0.65,0.663,0.659,0.623,0.635
0.708,0.673,0.658,0.758,0.71,0.625,0.701,0.775,0.795,0.625,0.591,0.503,0.65,0.71,0.759,0.696,0.628,0.619,0.696,0.731,0.708,0.719,0.686,0.646,0.721,0.761,0.792,0.589,0.629,0.676,0.653,0.708,0.671,0.666,0.693,0.622,0.75,0.788,0.801,0.727,0.771,0.687,0.75,0.656,0.678,0.689,0.642,0.721,0.669,0.791,0.605,0.543,0.73,0.769,0.755,0.689,0.646,0.655,0.719,0.686,0.635,0.695,0.651,0.705,0.711,0.704,0.794,0.801,0.755,0.77,0.672,0.701,0.735,0.752,0.73,0.742,0.777,0.798,0.792,0.865,0.791,0.584,0.636,0.622,0.802,1.0,0.533,0.628,0.641,0.59,0.708,0.617,0.674,0.769,0.785,0.746,0.746,0.726,0.781,0.761,0.696,0.74,0.74,0.773,0.722,0.567,0.763,0.805,0.781,0.805,0.768,0.816,0.83,0.767,0.783,0.697,0.732,0.785,0.655,0.716,0.688,0.806,0.681,0.844,0.82,0.714,0.736,0.783,0.788,0.744
0.486,0.394,0.373,0.486,0.425,0.449,0.471,0.519,0.57,0.488,0.362,0.326,0.505,0.462,0.53,0.507,0.4,0.35,0.363,0.43,0.41,0.487,0.418,0.369,0.459,0.544,0.451,0.333,0.392,0.409,0.377,0.488,0.384,0.425,0.469,0.44,0.469,0.518,0.564,0.457,0.513,0.395,0.448,0.407,0.426,0.416,0.574,0.571,0.379,0.482,0.36,0.351,0.41,0.493,0.46,0.443,0.463,0.4,0.51,0.506,0.465,0.489,0.448,0.476,0.468,0.481,0.516,0.484,0.485,0.467,0.4,0.464,0.453,0.49,0.484,0.418,0.501,0.447,0.534,0.546,0.453,0.364,0.635,0.324,0.616,0.533,1.0,0.341,0.379,0.365,0.468,0.404,0.438,0.524,0.505,0.467,0.52,0.466,0.556,0.524,0.514,0.521,0.482,0.483,0.504,0.441,0.518,0.511,0.562,0.503,0.495,0.552,0.528,0.498,0.509,0.476,0.504,0.561,0.415,0.445,0.4,0.5,0.454,0.614,0.548,0.489,0.476,0.493,0.478,0.54
0.589,0.625,0.607,0.638,0.582,0.472,0.61,0.569,0.583,0.45,0.663,0.56,0.551,0.608,0.602,0.585,0.595,0.702,0.623,0.616,0.597,0.618,0.522,0.6,0.567,0.631,0.569,0.621,0.563,0.576,0.55,0.572,0.566,0.562,0.478,0.414,0.558,0.576,0.597,0.537,0.616,0.597,0.635,0.587,0.547,0.596,0.409,0.459,0.622,0.633,0.766,0.536,0.613,0.639,0.605,0.53,0.433,0.612,0.498,0.453,0.424,0.521,0.439,0.551,0.574,0.477,0.549,0.649,0.671,0.664,0.538,0.499,0.622,0.55,0.572,0.688,0.584,0.574,0.539,0.595,0.663,0.64,0.44,0.626,0.495,0.628,0.341,1.0,0.67,0.572,0.538,0.471,0.58,0.42,0.597,0.585,0.562,0.539,0.563,0.546,0.444,0.521,0.562,0.602,0.567,0.306,0.569,0.599,0.586,0.633,0.588,0.652,0.544,0.584,0.568,0.492,0.588,0.556,0.54,0.614,0.62,0.637,0.677,0.579,0.624,0.593,0.67,0.607,0.556,0.574
0.635,0.636,0.623,0.69,0.622,0.55,0.628,0.647,0.625,0.487,0.77,0.817,0.687,0.644,0.707,0.622,0.595,0.812,0.639,0.663,0.654,0.645,0.583,0.606,0.636,0.653,0.608,0.65,0.646,0.631,0.594,0.616,0.625,0.617,0.569,0.488,0.643,0.633,0.638,0.607,0.663,0.631,0.675,0.609,0.592,0.594,0.442,0.513,0.589,0.659,0.728,0.762,0.64,0.679,0.664,0.603,0.546,0.638,0.572,0.567,0.525,0.569,0.527,0.599,0.607,0.56,0.615,0.699,0.689,0.693,0.596,0.618,0.681,0.634,0.603,0.693,0.623,0.655,0.631,0.624,0.703,0.556,0.406,0.524,0.536,0.641,0.379,0.67,1.0,0.763,0.615,0.538,0.599,0.505,0.66,0.659,0.621,0.604,0.65,0.638,0.532,0.619,0.634,0.66,0.621,0.432,0.657,0.627,0.643,0.668,0.654,0.699,0.606,0.632,0.64,0.592,0.642,0.617,0.586,0.638,0.6,0.575,0.771,0.573,0.716,0.816,0.724,0.678,0.601,0.603
0.58,0.566,0.553,0.623,0.55,0.479,0.568,0.595,0.567,0.449,0.712,0.732,0.612,0.572,0.641,0.542,0.526,0.747,0.592,0.604,0.611,0.597,0.54,0.574,0.614,0.588,0.603,0.568,0.697,0.677,0.608,0.572,0.588,0.576,0.544,0.479,0.6,0.592,0.607,0.56,0.606,0.596,0.621,0.548,0.553,0.538,0.402,0.471,0.533,0.588,0.62,0.695,0.585,0.664,0.637,0.565,0.594,0.573,0.601,0.649,0.599,0.53,0.543,0.561,0.555,0.548,0.579,0.627,0.61,0.618,0.556,0.589,0.615,0.577,0.554,0.602,0.55,0.599,0.584,0.568,0.639,0.475,0.362,0.472,0.475,0.59,0.365,0.572,0.763,1.0,0.651,0.643,0.675,0.497,0.702,0.613,0.566,0.575,0.61,0.59,0.512,0.575,0.588,0.633,0.611,0.422,0.604,0.659,0.633,0.628,0.593,0.633,0.576,0.593,0.603,0.57,0.586,0.571,0.548,0.61,0.555,0.528,0.712,0.509,0.663,0.747,0.653,0.648,0.65,0.64
0.715,0.709,0.655,0.755,0.706,0.684,0.669,0.788,0.708,0.477,0.528,0.475,0.618,0.679,0.803,0.656,0.645,0.613,0.676,0.721,0.762,0.731,0.691,0.672,0.77,0.704,0.724,0.547,0.775,0.763,0.716,0.734,0.738,0.678,0.765,0.623,0.77,0.754,0.766,0.769,0.76,0.724,0.751,0.668,0.717,0.68,0.603,0.666,0.571,0.708,0.618,0.522,0.649,0.832,0.8,0.73,0.776,0.627,0.806,0.836,0.79,0.692,0.726,0.748,0.728,0.714,0.718,0.756,0.74,0.73,0.72,0.789,0.798,0.764,0.635,0.706,0.762,0.764,0.79,0.686,0.74,0.45,0.497,0.489,0.615,0.708,0.468,0.538,0.615,0.651,1.0,0.759,0.719,0.629,0.859,0.788,0.741,0.77,0.809,0.829,0.727,0.787,0.778,0.794,0.752,0.631,0.787,0.758,0.805,0.76,0.763,0.789,0.693,0.72,0.772,0.721,0.74,0.763,0.692,0.697,0.616,0.587,0.615,0.664,0.785,0.653,0.693,0.833,0.785,0.759
0.597,0.594,0.577,0.631,0.577,0.546,0.594,0.648,0.574,0.426,0.471,0.419,0.509,0.58,0.652,0.556,0.525,0.535,0.607,0.619,0.653,0.627,0.595,0.569,0.648,0.579,0.642,0.469,0.701,0.729,0.638,0.598,0.641,0.608,0.629,0.542,0.65,0.667,0.66,0.603,0.633,0.606,0.628,0.584,0.594,0.537,0.453,0.525,0.488,0.61,0.529,0.438,0.577,0.717,0.68,0.636,0.723,0.593,0.723,0.751,0.734,0.597,0.631,0.623,0.626,0.61,0.621,0.635,0.628,0.635,0.597,0.655,0.653,0.632,0.556,0.611,0.614,0.642,0.657,0.587,0.682,0.433,0.393,0.42,0.506,0.617,0.404,0.471,0.538,0.643,0.759,1.0,0.748,0.561,0.758,0.664,0.622,0.653,0.659,0.653,0.589,0.659,0.651,0.682,0.662,0.528,0.665,0.717,0.703,0.652,0.659,0.66,0.612,0.628,0.649,0.626,0.618,0.617,0.613,0.623,0.535,0.498,0.534,0.518,0.684,0.562,0.613,0.704,0.729,0.691
0.61,0.626,0.582,0.656,0.591,0.516,0.608,0.656,0.595,0.424,0.539,0.472,0.552,0.664,0.667,0.601,0.572,0.615,0.637,0.664,0.673,0.685,0.603,0.611,0.663,0.662,0.668,0.569,0.688,0.741,0.648,0.638,0.641,0.65,0.626,0.545,0.667,0.669,0.7,0.599,0.685,0.631,0.671,0.595,0.6,0.572,0.445,0.534,0.547,0.659,0.629,0.502,0.661,0.75,0.706,0.623,0.681,0.655,0.677,0.723,0.682,0.61,0.614,0.622,0.626,0.615,0.644,0.702,0.67,0.673,0.61,0.633,0.661,0.644,0.627,0.662,0.63,0.669,0.657,0.674,0.712,0.522,0.427,0.504,0.543,0.674,0.438,0.58,0.599,0.675,0.719,0.748,1.0,0.624,0.761,0.705,0.647,0.653,0.657,0.648,0.583,0.648,0.655,0.693,0.672,0.49,0.667,0.763,0.719,0.709,0.683,0.7,0.669,0.676,0.674,0.619,0.643,0.644,0.62,0.723,0.627,0.616,0.612,0.583,0.72,0.62,0.707,0.724,0.736,0.703
0.57,0.527,0.485,0.612,0.542,0.534,0.574,0.654,0.659,0.538,0.471,0.408,0.575,0.616,0.659,0.593,0.482,0.516,0.576,0.594,0.608,0.623,0.625,0.519,0.633,0.627,0.666,0.473,0.557,0.588,0.546,0.606,0.585,0.587,0.653,0.568,0.663,0.678,0.734,0.628,0.688,0.573,0.61,0.523,0.577,0.518,0.565,0.613,0.473,0.644,0.448,0.47,0.671,0.674,0.655,0.619,0.637,0.557,0.647,0.652,0.613,0.62,0.617,0.623,0.635,0.643,0.704,0.66,0.614,0.613,0.58,0.654,0.627,0.676,0.601,0.578,0.646,0.673,0.701,0.756,0.631,0.408,0.523,0.399,0.643,0.769,0.524,0.42,0.505,0.497,0.629,0.561,0.624,1.0,0.693,0.657,0.687,0.658,0.705,0.696,0.663,0.707,0.673,0.684,0.627,0.579,0.675,0.714,0.7,0.662,0.691,0.692,0.788,0.659,0.696,0.63,0.626,0.68,0.596,0.586,0.504,0.624,0.56,0.698,0.718,0.652,0.628,0.693,0.685,0.656
0.77,0.753,0.703,0.815,0.761,0.706,0.733,0.833,0.763,0.536,0.588,0.52,0.647,0.712,0.843,0.698,0.684,0.648,0.746,0.773,0.825,0.785,0.75,0.735,0.812,0.76,0.796,0.601,0.811,0.819,0.767,0.778,0.786,0.737,0.805,0.688,0.83,0.804,0.822,0.816,0.821,0.772,0.82,0.719,0.759,0.73,0.646,0.71,0.639,0.768,0.645,0.557,0.706,0.866,0.857,0.778,0.765,0.68,0.819,0.849,0.809,0.737,0.782,0.812,0.79,0.761,0.778,0.812,0.796,0.788,0.749,0.833,0.84,0.811,0.721,0.767,0.794,0.807,0.848,0.756,0.8,0.524,0.545,0.532,0.68,0.785,0.505,0.597,0.66,0.702,0.859,0.758,0.761,0.693,1.0,0.858,0.795,0.812,0.86,0.878,0.764,0.847,0.834,0.846,0.822,0.65,0.851,0.829,0.865,0.815,0.819,0.852,0.775,0.784,0.829,0.774,0.803,0.812,0.73,0.756,0.683,0.666,0.675,0.724,0.856,0.695,0.773,0.875,0.832,0.827
0.775,0.756,0.693,0.781,0.76,0.702,0.732,0.836,0.721,0.501,0.591,0.507,0.628,0.708,0.831,0.69,0.687,0.64,0.735,0.786,0.819,0.78,0.743,0.729,0.806,0.755,0.758,0.596,0.742,0.764,0.759,0.779,0.779,0.738,0.79,0.706,0.821,0.79,0.803,0.818,0.805,0.765,0.819,0.725,0.774,0.763,0.614,0.692,0.667,0.788,0.637,0.557,0.728,0.83,0.868,0.793,0.707,0.682,0.778,0.767,0.756,0.731,0.752,0.806,0.788,0.748,0.741,0.801,0.793,0.776,0.75,0.832,0.838,0.805,0.694,0.774,0.797,0.808,0.823,0.732,0.791,0.544,0.486,0.518,0.628,0.746,0.467,0.585,0.659,0.613,0.788,0.664,0.705,0.657,0.858,1.0,0.8,0.803,0.842,0.858,0.742,0.842,0.848,0.838,0.794,0.637,0.855,0.769,0.841,0.796,0.833,0.838,0.75,0.772,0.806,0.761,0.805,0.818,0.767,0.798,0.729,0.65,0.67,0.681,0.858,0.677,0.769,0.841,0.765,0.773
0.746,0.726,0.678,0.758,0.719,0.677,0.711,0.792,0.721,0.563,0.58,0.494,0.637,0.683,0.778,0.8,0.677,0.628,0.699,0.758,0.769,0.769,0.758,0.698,0.789,0.721,0.751,0.574,0.696,0.699,0.746,0.765,0.749,0.736,0.798,0.71,0.802,0.793,0.779,0.801,0.771,0.738,0.76,0.712,0.747,0.679,0.607,0.649,0.605,0.732,0.6,0.522,0.662,0.779,0.816,0.771,0.691,0.655,0.744,0.706,0.725,0.834,0.748,0.768,0.789,0.794,0.774,0.784,0.756,0.759,0.728,0.803,0.816,0.787,0.672,0.739,0.747,0.779,0.794,0.75,0.764,0.513,0.518,0.499,0.641,0.746,0.52,0.562,0.621,0.566,0.741,0.622,0.647,0.687,0.795,0.8,1.0,0.817,0.837,0.811,0.785,0.81,0.819,0.797,0.781,0.641,0.83,0.772,0.804,0.748,0.806,0.831,0.786,0.752,0.791,0.737,0.811,0.769,0.721,0.736,0.657,0.652,0.651,0.699,0.828,0.654,0.716,0.803,0.72,0.738
0.758,0.758,0.696,0.762,0.741,0.697,0.724,0.839,0.715,0.543,0.548,0.478,0.608,0.69,0.777,0.696,0.715,0.626,0.742,0.794,0.784,0.778,0.749,0.701,0.813,0.704,0.749,0.575,0.713,0.714,0.743,0.801,0.787,0.717,0.837,0.756,0.859,0.827,0.814,0.827,0.811,0.753,0.798,0.728,0.806,0.7,0.605,0.67,0.603,0.76,0.586,0.526,0.674,0.79,0.846,0.819,0.698,0.626,0.761,0.745,0.724,0.749,0.813,0.794,0.791,0.745,0.767,0.794,0.755,0.765,0.756,0.841,0.815,0.806,0.695,0.748,0.791,0.794,0.837,0.719,0.764,0.484,0.482,0.496,0.611,0.726,0.466,0.539,0.604,0.575,0.77,0.653,0.653,0.658,0.812,0.803,0.817,1.0,0.873,0.847,0.901,0.847,0.901,0.849,0.784,0.668,0.85,0.753,0.803,0.8,0.837,0.871,0.795,0.801,0.876,0.767,0.84,0.832,0.773,0.731,0.653,0.604,0.638,0.678,0.836,0.652,0.712,0.826,0.725,0.734
0.798,0.765,0.719,0.811,0.771,0.762,0.771,0.874,0.807,0.582,0.583,0.518,0.685,0.73,0.843,0.726,0.713,0.645,0.748,0.791,0.804,0.791,0.75,0.72,0.818,0.771,0.777,0.592,0.726,0.735,0.735,0.817,0.788,0.739,0.828,0.72,0.848,0.847,0.837,0.847,0.841,0.777,0.829,0.75,0.802,0.739,0.693,0.742,0.643,0.807,0.618,0.566,0.702,0.827,0.848,0.818,0.725,0.663,0.802,0.789,0.742,0.752,0.786,0.819,0.801,0.784,0.801,0.832,0.819,0.814,0.767,0.858,0.845,0.855,0.728,0.777,0.818,0.829,0.858,0.769,0.792,0.508,0.597,0.519,0.719,0.781,0.556,0.563,0.65,0.61,0.809,0.659,0.657,0.705,0.86,0.842,0.837,0.873,1.0,0.904,0.857,0.886,0.875,0.873,0.83,0.708,0.883,0.779,0.859,0.827,0.854,0.887,0.814,0.812,0.87,0.82,0.86,0.871,0.769,0.753,0.672,0.677,0.688,0.774,0.88,0.709,0.746,0.854,0.756,0.776
0.779,0.757,0.708,0.804,0.764,0.752,0.737,0.87,0.775,0.558,0.55,0.494,0.656,0.708,0.854,0.689,0.677,0.615,0.727,0.768,0.812,0.776,0.758,0.72,0.815,0.74,0.764,0.566,0.744,0.737,0.743,0.789,0.791,0.734,0.841,0.691,0.839,0.825,0.822,0.854,0.824,0.775,0.817,0.732,0.795,0.736,0.7,0.735,0.626,0.793,0.6,0.542,0.682,0.836,0.849,0.802,0.74,0.642,0.809,0.817,0.773,0.741,0.782,0.817,0.809,0.78,0.78,0.809,0.81,0.779,0.763,0.862,0.851,0.842,0.694,0.753,0.849,0.828,0.876,0.747,0.774,0.474,0.56,0.476,0.675,0.761,0.524,0.546,0.638,0.59,0.829,0.653,0.648,0.696,0.878,0.858,0.811,0.847,0.904,1.0,0.824,0.888,0.885,0.872,0.824,0.706,0.881,0.771,0.855,0.813,0.847,0.863,0.778,0.792,0.861,0.802,0.831,0.861,0.752,0.745,0.651,0.646,0.654,0.759,0.864,0.695,0.723,0.862,0.789,0.803
0.707,0.679,0.609,0.703,0.661,0.679,0.674,0.799,0.716,0.557,0.467,0.411,0.606,0.645,0.738,0.661,0.636,0.543,0.646,0.705,0.695,0.695,0.686,0.61,0.742,0.667,0.707,0.484,0.622,0.639,0.657,0.761,0.694,0.636,0.781,0.724,0.803,0.783,0.782,0.792,0.77,0.674,0.721,0.682,0.763,0.639,0.658,0.686,0.532,0.712,0.515,0.484,0.614,0.727,0.793,0.776,0.658,0.549,0.732,0.735,0.711,0.71,0.793,0.741,0.742,0.715,0.736,0.721,0.704,0.697,0.697,0.782,0.739,0.769,0.644,0.652,0.741,0.738,0.797,0.692,0.68,0.391,0.55,0.415,0.638,0.696,0.514,0.444,0.532,0.512,0.727,0.589,0.583,0.663,0.764,0.742,0.785,0.901,0.857,0.824,1.0,0.821,0.861,0.781,0.753,0.672,0.81,0.7,0.77,0.733,0.78,0.822,0.78,0.736,0.839,0.739,0.792,0.824,0.708,0.64,0.568,0.575,0.578,0.712,0.79,0.618,0.629,0.752,0.684,0.694
0.742,0.723,0.666,0.757,0.739,0.726,0.735,0.859,0.755,0.527,0.549,0.478,0.633,0.696,0.802,0.679,0.649,0.609,0.713,0.773,0.777,0.763,0.725,0.691,0.792,0.734,0.748,0.56,0.694,0.715,0.695,0.771,0.755,0.738,0.827,0.691,0.839,0.811,0.812,0.818,0.825,0.723,0.779,0.701,0.772,0.703,0.66,0.707,0.61,0.782,0.567,0.541,0.687,0.81,0.833,0.784,0.719,0.633,0.808,0.785,0.757,0.74,0.766,0.798,0.784,0.78,0.774,0.806,0.794,0.767,0.756,0.857,0.831,0.844,0.689,0.738,0.811,0.816,0.848,0.749,0.76,0.465,0.556,0.478,0.654,0.74,0.521,0.521,0.619,0.575,0.787,0.659,0.648,0.707,0.847,0.842,0.81,0.847,0.886,0.888,0.821,1.0,0.88,0.87,0.794,0.705,0.87,0.75,0.852,0.797,0.861,0.852,0.789,0.775,0.844,0.809,0.816,0.866,0.78,0.737,0.657,0.617,0.643,0.734,0.86,0.678,0.718,0.856,0.767,0.771
0.774,0.758,0.713,0.78,0.764,0.72,0.737,0.854,0.732,0.547,0.557,0.487,0.62,0.692,0.801,0.693,0.72,0.627,0.741,0.801,0.807,0.782,0.763,0.714,0.828,0.722,0.749,0.582,0.731,0.728,0.757,0.789,0.788,0.73,0.843,0.754,0.857,0.826,0.813,0.837,0.815,0.765,0.828,0.732,0.799,0.717,0.639,0.694,0.62,0.779,0.594,0.538,0.693,0.804,0.859,0.814,0.708,0.638,0.777,0.774,0.748,0.746,0.805,0.809,0.807,0.76,0.78,0.806,0.785,0.77,0.76,0.859,0.836,0.821,0.711,0.755,0.837,0.808,0.847,0.732,0.766,0.489,0.494,0.492,0.631,0.74,0.482,0.562,0.634,0.588,0.778,0.651,0.655,0.673,0.834,0.848,0.819,0.901,0.875,0.885,0.861,0.88,1.0,0.862,0.8,0.674,0.865,0.775,0.835,0.833,0.841,0.874,0.788,0.823,0.881,0.779,0.832,0.849,0.772,0.753,0.665,0.613,0.65,0.709,0.859,0.674,0.731,0.843,0.771,0.776
0.777,0.767,0.723,0.796,0.757,0.709,0.764,0.857,0.743,0.541,0.603,0.531,0.646,0.729,0.816,0.685,0.681,0.678,0.804,0.825,0.824,0.813,0.757,0.746,0.832,0.764,0.8,0.703,0.759,0.758,0.746,0.787,0.811,0.776,0.824,0.692,0.845,0.834,0.822,0.815,0.837,0.776,0.82,0.724,0.784,0.744,0.597,0.677,0.663,0.805,0.623,0.562,0.736,0.823,0.834,0.799,0.718,0.692,0.804,0.763,0.738,0.723,0.76,0.802,0.794,0.757,0.789,0.844,0.812,0.811,0.826,0.839,0.853,0.83,0.725,0.811,0.804,0.839,0.867,0.766,0.821,0.56,0.491,0.565,0.652,0.773,0.483,0.602,0.66,0.633,0.794,0.682,0.693,0.684,0.846,0.838,0.797,0.849,0.873,0.872,0.781,0.87,0.862,1.0,0.793,0.654,0.876,0.773,0.848,0.828,0.856,0.869,0.809,0.814,0.845,0.793,0.832,0.835,0.79,0.809,0.724,0.671,0.703,0.707,0.864,0.699,0.78,0.868,0.769,0.771
0.789,0.775,0.754,0.781,0.764,0.682,0.713,0.788,0.74,0.525,0.561,0.489,0.599,0.662,0.771,0.722,0.674,0.601,0.743,0.755,0.786,0.744,0.705,0.701,0.776,0.727,0.734,0.551,0.71,0.738,0.728,0.762,0.763,0.706,0.757,0.691,0.786,0.801,0.777,0.784,0.78,0.803,0.779,0.843,0.734,0.702,0.611,0.659,0.632,0.735,0.616,0.522,0.64,0.784,0.815,0.771,0.683,0.716,0.756,0.735,0.711,0.739,0.733,0.749,0.751,0.741,0.723,0.778,0.754,0.764,0.697,0.766,0.809,0.757,0.673,0.749,0.738,0.744,0.773,0.708,0.765,0.543,0.538,0.518,0.63,0.722,0.504,0.567,0.621,0.611,0.752,0.662,0.672,0.627,0.822,0.794,0.781,0.784,0.83,0.824,0.753,0.794,0.8,0.793,1.0,0.586,0.807,0.746,0.789,0.747,0.768,0.833,0.746,0.747,0.775,0.73,0.792,0.781,0.703,0.712,0.672,0.64,0.646,0.675,0.803,0.64,0.7,0.787,0.7,0.722
0.584,0.524,0.525,0.634,0.528,0.758,0.674,0.703,0.599,0.472,0.365,0.339,0.701,0.72,0.649,0.508,0.576,0.431,0.526,0.574,0.606,0.579,0.721,0.565,0.617,0.553,0.581,0.395,0.547,0.591,0.544,0.58,0.67,0.54,0.668,0.558,0.639,0.621,0.673,0.75,0.608,0.536,0.641,0.516,0.711,0.523,0.528,0.576,0.416,0.646,0.391,0.396,0.514,0.615,0.64,0.74,0.599,0.442,0.644,0.635,0.642,0.585,0.683,0.622,0.634,0.698,0.614,0.609,0.687,0.572,0.634,0.7,0.652,0.79,0.519,0.552,0.621,0.702,0.681,0.571,0.561,0.29,0.448,0.315,0.533,0.567,0.441,0.306,0.432,0.422,0.631,0.528,0.49,0.579,0.65,0.637,0.641,0.668,0.708,0.706,0.672,0.705,0.674,0.654,0.586,1.0,0.759,0.599,0.66,0.594,0.692,0.645,0.639,0.599,0.653,0.844,0.686,0.662,0.633,0.557,0.467,0.47,0.461,0.566,0.698,0.522,0.537,0.652,0.605,0.601
0.792,0.759,0.728,0.826,0.771,0.783,0.806,0.858,0.757,0.571,0.601,0.513,0.711,0.777,0.838,0.715,0.724,0.645,0.75,0.806,0.818,0.789,0.801,0.75,0.818,0.758,0.76,0.609,0.729,0.763,0.741,0.793,0.815,0.743,0.817,0.722,0.845,0.827,0.826,0.868,0.829,0.774,0.828,0.745,0.827,0.74,0.627,0.703,0.662,0.805,0.618,0.551,0.706,0.821,0.846,0.846,0.723,0.677,0.803,0.765,0.762,0.748,0.795,0.811,0.814,0.798,0.783,0.836,0.84,0.811,0.784,0.857,0.859,0.88,0.709,0.799,0.806,0.848,0.867,0.75,0.821,0.55,0.528,0.526,0.666,0.763,0.518,0.569,0.657,0.604,0.787,0.665,0.667,0.675,0.851,0.855,0.83,0.85,0.883,0.881,0.81,0.87,0.865,0.876,0.807,0.759,1.0,0.768,0.859,0.808,0.873,0.872,0.8,0.798,0.838,0.862,0.867,0.837,0.79,0.785,0.703,0.656,0.693,0.719,0.881,0.687,0.758,0.852,0.754,0.77
0.71,0.668,0.634,0.754,0.666,0.626,0.675,0.752,0.715,0.606,0.583,0.503,0.635,0.684,0.747,0.691,0.638,0.6,0.7,0.732,0.755,0.738,0.705,0.655,0.771,0.718,0.786,0.585,0.74,0.751,0.712,0.713,0.703,0.685,0.733,0.635,0.744,0.767,0.778,0.727,0.732,0.698,0.732,0.647,0.679,0.643,0.586,0.639,0.585,0.735,0.594,0.521,0.669,0.78,0.766,0.714,0.729,0.667,0.747,0.752,0.724,0.716,0.709,0.722,0.747,0.713,0.766,0.75,0.73,0.739,0.682,0.733,0.754,0.74,0.69,0.717,0.736,0.754,0.779,0.79,0.745,0.548,0.52,0.531,0.68,0.805,0.511,0.599,0.627,0.659,0.758,0.717,0.763,0.714,0.829,0.769,0.772,0.753,0.779,0.771,0.7,0.75,0.775,0.773,0.746,0.599,0.768,1.0,0.83,0.78,0.758,0.812,0.794,0.76,0.794,0.701,0.75,0.743,0.684,0.737,0.647,0.701,0.653,0.739,0.81,0.67,0.752,0.81,0.825,0.799
0.768,0.724,0.678,0.809,0.743,0.701,0.741,0.841,0.771,0.583,0.593,0.515,0.665,0.718,0.825,0.701,0.671,0.632,0.72,0.772,0.791,0.778,0.728,0.701,0.805,0.761,0.773,0.595,0.737,0.758,0.728,0.782,0.747,0.719,0.793,0.707,0.809,0.808,0.823,0.805,0.815,0.728,0.797,0.691,0.747,0.706,0.662,0.726,0.634,0.779,0.615,0.559,0.711,0.83,0.827,0.769,0.744,0.663,0.795,0.799,0.765,0.724,0.747,0.794,0.777,0.74,0.787,0.799,0.789,0.78,0.738,0.818,0.819,0.811,0.709,0.749,0.799,0.793,0.829,0.77,0.778,0.518,0.582,0.522,0.69,0.781,0.562,0.586,0.643,0.633,0.805,0.703,0.719,0.7,0.865,0.841,0.804,0.803,0.859,0.855,0.77,0.852,0.835,0.848,0.789,0.66,0.859,0.83,1.0,0.819,0.825,0.86,0.784,0.789,0.834,0.778,0.816,0.833,0.74,0.775,0.697,0.679,0.687,0.767,0.869,0.703,0.756,0.857,0.803,0.812
0.731,0.723,0.744,0.797,0.8,0.679,0.739,0.821,0.776,0.543,0.614,0.529,0.647,0.728,0.788,0.694,0.736,0.67,0.734,0.826,0.759,0.764,0.69,0.706,0.771,0.769,0.748,0.634,0.701,0.728,0.72,0.748,0.726,0.719,0.75,0.698,0.801,0.826,0.808,0.757,0.812,0.724,0.863,0.682,0.719,0.719,0.658,0.737,0.698,0.809,0.635,0.57,0.741,0.8,0.799,0.737,0.675,0.666,0.75,0.724,0.682,0.693,0.698,0.751,0.748,0.692,0.769,0.843,0.799,0.792,0.721,0.769,0.792,0.777,0.782,0.785,0.865,0.792,0.795,0.775,0.792,0.568,0.548,0.577,0.702,0.805,0.503,0.633,0.668,0.628,0.76,0.652,0.709,0.662,0.815,0.796,0.748,0.8,0.827,0.813,0.733,0.797,0.833,0.828,0.747,0.594,0.808,0.78,0.819,1.0,0.811,0.88,0.762,0.875,0.851,0.744,0.781,0.832,0.718,0.765,0.698,0.699,0.705,0.772,0.851,0.705,0.771,0.821,0.784,0.776
0.746,0.741,0.706,0.775,0.732,0.735,0.769,0.836,0.743,0.555,0.609,0.528,0.674,0.751,0.792,0.697,0.694,0.659,0.744,0.786,0.784,0.778,0.76,0.704,0.788,0.74,0.74,0.601,0.698,0.742,0.703,0.773,0.779,0.746,0.797,0.678,0.827,0.814,0.818,0.819,0.816,0.738,0.8,0.719,0.787,0.713,0.601,0.682,0.649,0.811,0.619,0.565,0.721,0.812,0.826,0.816,0.71,0.676,0.769,0.754,0.712,0.739,0.758,0.779,0.785,0.779,0.777,0.838,0.833,0.794,0.768,0.83,0.829,0.862,0.709,0.784,0.806,0.831,0.827,0.759,0.809,0.547,0.529,0.55,0.649,0.768,0.495,0.588,0.654,0.593,0.763,0.659,0.683,0.691,0.819,0.833,0.806,0.837,0.854,0.847,0.78,0.861,0.841,0.856,0.768,0.692,0.873,0.758,0.825,0.811,1.0,0.864,0.786,0.797,0.829,0.819,0.823,0.821,0.77,0.769,0.705,0.646,0.683,0.705,0.868,0.686,0.748,0.842,0.757,0.751
0.813,0.793,0.774,0.843,0.81,0.73,0.791,0.873,0.812,0.615,0.648,0.565,0.687,0.764,0.844,0.764,0.752,0.689,0.777,0.836,0.814,0.816,0.752,0.745,0.84,0.806,0.795,0.652,0.734,0.756,0.759,0.818,0.794,0.762,0.804,0.724,0.85,0.864,0.859,0.823,0.855,0.793,0.859,0.774,0.798,0.761,0.665,0.739,0.701,0.834,0.682,0.594,0.741,0.837,0.855,0.817,0.707,0.714,0.786,0.751,0.713,0.768,0.767,0.81,0.811,0.761,0.813,0.864,0.827,0.849,0.767,0.823,0.856,0.829,0.784,0.822,0.832,0.825,0.856,0.806,0.838,0.609,0.606,0.6,0.739,0.816,0.552,0.652,0.699,0.633,0.789,0.66,0.7,0.692,0.852,0.838,0.831,0.871,0.887,0.863,0.822,0.852,0.874,0.869,0.833,0.645,0.872,0.812,0.86,0.88,0.864,1.0,0.825,0.853,0.882,0.793,0.865,0.869,0.769,0.806,0.741,0.727,0.74,0.778,0.894,0.733,0.795,0.865,0.759,0.77
0.704,0.674,0.623,0.733,0.661,0.638,0.725,0.766,0.746,0.604,0.564,0.494,0.645,0.701,0.741,0.692,0.629,0.601,0.706,0.729,0.72,0.728,0.719,0.652,0.752,0.737,0.779,0.625,0.64,0.681,0.657,0.714,0.696,0.688,0.726,0.663,0.771,0.782,0.794,0.736,0.769,0.691,0.741,0.665,0.704,0.641,0.596,0.659,0.594,0.757,0.56,0.533,0.712,0.746,0.757,0.739,0.657,0.658,0.718,0.692,0.662,0.71,0.707,0.718,0.734,0.731,0.782,0.772,0.742,0.751,0.721,0.744,0.752,0.765,0.701,0.724,0.72,0.785,0.787,0.813,0.75,0.535,0.55,0.516,0.711,0.83,0.528,0.544,0.606,0.576,0.693,0.612,0.669,0.788,0.775,0.75,0.786,0.795,0.814,0.778,0.78,0.789,0.788,0.809,0.746,0.639,0.8,0.794,0.784,0.762,0.786,0.825,1.0,0.778,0.809,0.742,0.768,0.799,0.74,0.716,0.66,0.733,0.645,0.757,0.817,0.684,0.715,0.781,0.736,0.721
0.731,0.705,0.724,0.767,0.755,0.655,0.725,0.793,0.725,0.559,0.589,0.517,0.632,0.7,0.759,0.684,0.715,0.628,0.723,0.81,0.755,0.76,0.696,0.686,0.761,0.726,0.734,0.596,0.688,0.72,0.717,0.724,0.729,0.717,0.744,0.717,0.791,0.816,0.804,0.736,0.784,0.726,0.824,0.681,0.701,0.687,0.636,0.71,0.666,0.781,0.584,0.541,0.693,0.755,0.77,0.741,0.677,0.659,0.728,0.687,0.662,0.704,0.711,0.731,0.75,0.711,0.768,0.816,0.765,0.772,0.697,0.752,0.766,0.759,0.751,0.765,0.826,0.768,0.786,0.759,0.781,0.568,0.514,0.55,0.675,0.767,0.498,0.584,0.632,0.593,0.72,0.628,0.676,0.659,0.784,0.772,0.752,0.801,0.812,0.792,0.736,0.775,0.823,0.814,0.747,0.599,0.798,0.76,0.789,0.875,0.797,0.853,0.778,1.0,0.857,0.738,0.79,0.808,0.725,0.756,0.688,0.68,0.681,0.72,0.84,0.669,0.756,0.791,0.75,0.746
0.754,0.717,0.682,0.783,0.725,0.688,0.738,0.821,0.767,0.596,0.588,0.511,0.657,0.726,0.795,0.702,0.686,0.639,0.733,0.782,0.761,0.761,0.717,0.679,0.794,0.752,0.764,0.599,0.704,0.719,0.699,0.764,0.749,0.714,0.778,0.717,0.839,0.821,0.832,0.791,0.837,0.738,0.812,0.689,0.744,0.69,0.685,0.734,0.637,0.789,0.585,0.564,0.712,0.789,0.822,0.775,0.703,0.639,0.752,0.749,0.694,0.712,0.758,0.762,0.767,0.715,0.782,0.8,0.795,0.791,0.735,0.812,0.792,0.816,0.746,0.759,0.825,0.796,0.826,0.771,0.772,0.517,0.541,0.517,0.697,0.783,0.509,0.568,0.64,0.603,0.772,0.649,0.674,0.696,0.829,0.806,0.791,0.876,0.87,0.861,0.839,0.844,0.881,0.845,0.775,0.653,0.838,0.794,0.834,0.851,0.829,0.882,0.809,0.857,1.0,0.782,0.82,0.87,0.746,0.739,0.648,0.667,0.67,0.769,0.874,0.699,0.758,0.825,0.797,0.791
0.712,0.673,0.689,0.754,0.683,0.799,0.819,0.811,0.725,0.531,0.534,0.468,0.747,0.815,0.759,0.627,0.681,0.584,0.694,0.733,0.723,0.708,0.771,0.688,0.717,0.7,0.69,0.543,0.656,0.713,0.644,0.71,0.772,0.693,0.743,0.618,0.759,0.755,0.781,0.819,0.755,0.681,0.76,0.673,0.805,0.673,0.585,0.649,0.599,0.804,0.548,0.514,0.653,0.746,0.767,0.825,0.675,0.612,0.741,0.711,0.688,0.676,0.738,0.711,0.744,0.765,0.711,0.765,0.821,0.742,0.74,0.783,0.773,0.88,0.655,0.726,0.733,0.821,0.786,0.687,0.739,0.479,0.506,0.483,0.619,0.697,0.476,0.492,0.592,0.57,0.721,0.626,0.619,0.63,0.774,0.761,0.737,0.767,0.82,0.802,0.739,0.809,0.779,0.793,0.73,0.844,0.862,0.701,0.778,0.744,0.819,0.793,0.742,0.738,0.782,1.0,0.808,0.79,0.797,0.712,0.624,0.595,0.627,0.669,0.825,0.639,0.687,0.786,0.702,0.708
0.791,0.776,0.735,0.808,0.769,0.757,0.782,0.846,0.737,0.597,0.597,0.524,0.663,0.73,0.798,0.718,0.747,0.633,0.731,0.797,0.8,0.783,0.781,0.751,0.812,0.726,0.73,0.585,0.705,0.731,0.754,0.795,0.786,0.726,0.791,0.707,0.814,0.812,0.799,0.841,0.794,0.761,0.81,0.749,0.843,0.743,0.615,0.671,0.676,0.799,0.642,0.535,0.666,0.788,0.835,0.821,0.685,0.672,0.764,0.703,0.699,0.76,0.762,0.784,0.807,0.771,0.754,0.81,0.814,0.804,0.744,0.804,0.841,0.835,0.683,0.797,0.78,0.793,0.824,0.72,0.797,0.554,0.519,0.542,0.644,0.732,0.504,0.588,0.642,0.586,0.74,0.618,0.643,0.626,0.803,0.805,0.811,0.84,0.86,0.831,0.792,0.816,0.832,0.832,0.792,0.686,0.867,0.75,0.816,0.781,0.823,0.865,0.768,0.79,0.82,0.808,1.0,0.799,0.762,0.781,0.703,0.665,0.684,0.678,0.851,0.649,0.745,0.811,0.688,0.717
0.767,0.71,0.68,0.767,0.745,0.725,0.752,0.859,0.807,0.562,0.545,0.484,0.659,0.705,0.797,0.679,0.651,0.596,0.698,0.766,0.745,0.739,0.681,0.65,0.758,0.762,0.74,0.566,0.633,0.684,0.647,0.766,0.703,0.702,0.764,0.678,0.803,0.808,0.812,0.785,0.818,0.698,0.788,0.699,0.742,0.722,0.712,0.76,0.644,0.823,0.574,0.55,0.679,0.784,0.814,0.753,0.674,0.624,0.78,0.751,0.703,0.695,0.723,0.763,0.737,0.731,0.763,0.808,0.799,0.777,0.726,0.798,0.791,0.808,0.725,0.74,0.82,0.802,0.821,0.759,0.759,0.484,0.626,0.535,0.728,0.785,0.561,0.556,0.617,0.571,0.763,0.617,0.644,0.68,0.812,0.818,0.769,0.832,0.871,0.861,0.824,0.866,0.849,0.835,0.781,0.662,0.837,0.743,0.833,0.832,0.821,0.869,0.799,0.808,0.87,0.79,0.799,1.0,0.773,0.745,0.679,0.692,0.659,0.807,0.865,0.709,0.72,0.825,0.766,0.775
0.685,0.694,0.657,0.69,0.678,0.65,0.743,0.769,0.636,0.445,0.539,0.469,0.57,0.647,0.693,0.606,0.608,0.6,0.702,0.744,0.73,0.713,0.675,0.682,0.717,0.677,0.671,0.559,0.647,0.669,0.661,0.698,0.718,0.693,0.725,0.615,0.743,0.733,0.724,0.725,0.723,0.677,0.717,0.665,0.726,0.702,0.513,0.59,0.625,0.774,0.551,0.495,0.651,0.716,0.751,0.74,0.644,0.636,0.743,0.646,0.645,0.643,0.68,0.711,0.722,0.687,0.664,0.737,0.734,0.722,0.698,0.734,0.75,0.755,0.615,0.726,0.713,0.753,0.749,0.647,0.739,0.541,0.429,0.542,0.537,0.655,0.415,0.54,0.586,0.548,0.692,0.613,0.62,0.596,0.73,0.767,0.721,0.773,0.769,0.752,0.708,0.78,0.772,0.79,0.703,0.633,0.79,0.684,0.74,0.718,0.77,0.769,0.74,0.725,0.746,0.797,0.762,0.773,1.0,0.748,0.693,0.607,0.635,0.587,0.777,0.613,0.709,0.774,0.665,0.671
0.713,0.721,0.682,0.737,0.699,0.616,0.708,0.778,0.641,0.481,0.608,0.53,0.572,0.667,0.725,0.625,0.65,0.655,0.724,0.769,0.771,0.766,0.692,0.728,0.769,0.72,0.697,0.609,0.7,0.718,0.725,0.72,0.731,0.723,0.724,0.626,0.747,0.751,0.752,0.722,0.741,0.727,0.76,0.685,0.726,0.728,0.5,0.598,0.688,0.779,0.614,0.526,0.696,0.753,0.781,0.728,0.637,0.671,0.722,0.645,0.647,0.676,0.66,0.722,0.738,0.69,0.705,0.774,0.764,0.761,0.699,0.737,0.77,0.732,0.672,0.776,0.726,0.75,0.769,0.714,0.791,0.609,0.428,0.591,0.574,0.716,0.445,0.614,0.638,0.61,0.697,0.623,0.723,0.586,0.756,0.798,0.736,0.731,0.753,0.745,0.64,0.737,0.753,0.809,0.712,0.557,0.785,0.737,0.775,0.765,0.769,0.806,0.716,0.756,0.739,0.712,0.781,0.745,0.748,1.0,0.781,0.693,0.693,0.617,0.8,0.632,0.755,0.801,0.701,0.719
0.708,0.7,0.655,0.676,0.681,0.559,0.689,0.709,0.62,0.419,0.588,0.499,0.532,0.638,0.665,0.611,0.626,0.623,0.687,0.731,0.698,0.689,0.611,0.666,0.667,0.698,0.645,0.589,0.612,0.653,0.642,0.683,0.664,0.652,0.607,0.61,0.665,0.685,0.685,0.638,0.692,0.671,0.724,0.673,0.646,0.71,0.453,0.556,0.681,0.725,0.628,0.506,0.654,0.686,0.708,0.661,0.527,0.648,0.666,0.538,0.554,0.609,0.582,0.678,0.647,0.602,0.621,0.734,0.713,0.72,0.641,0.621,0.705,0.643,0.629,0.742,0.657,0.678,0.664,0.659,0.75,0.627,0.504,0.679,0.572,0.688,0.4,0.62,0.6,0.555,0.616,0.535,0.627,0.504,0.683,0.729,0.657,0.653,0.672,0.651,0.568,0.657,0.665,0.724,0.672,0.467,0.703,0.647,0.697,0.698,0.705,0.741,0.66,0.688,0.648,0.624,0.703,0.679,0.693,0.781,1.0,0.727,0.666,0.593,0.72,0.604,0.71,0.71,0.611,0.624
0.632,0.614,0.583,0.677,0.617,0.527,0.644,0.674,0.72,0.549,0.554,0.475,0.594,0.642,0.674,0.634,0.561,0.583,0.613,0.654,0.616,0.635,0.565,0.59,0.616,0.721,0.677,0.557,0.54,0.569,0.56,0.633,0.568,0.612,0.557,0.54,0.636,0.687,0.708,0.6,0.691,0.613,0.673,0.602,0.585,0.659,0.578,0.647,0.637,0.713,0.608,0.498,0.639,0.654,0.65,0.592,0.507,0.604,0.612,0.523,0.5,0.614,0.519,0.622,0.623,0.607,0.662,0.703,0.69,0.705,0.588,0.57,0.655,0.641,0.65,0.687,0.646,0.678,0.655,0.762,0.705,0.573,0.638,0.674,0.722,0.806,0.5,0.637,0.575,0.528,0.587,0.498,0.616,0.624,0.666,0.65,0.652,0.604,0.677,0.646,0.575,0.617,0.613,0.671,0.64,0.47,0.656,0.701,0.679,0.699,0.646,0.727,0.733,0.68,0.667,0.595,0.665,0.692,0.607,0.693,0.727,1.0,0.655,0.773,0.711,0.648,0.7,0.678,0.649,0.628
0.655,0.651,0.634,0.691,0.629,0.564,0.666,0.67,0.661,0.55,0.812,0.746,0.677,0.672,0.718,0.633,0.606,0.8,0.657,0.694,0.649,0.682,0.583,0.64,0.654,0.696,0.632,0.636,0.634,0.629,0.611,0.659,0.632,0.634,0.587,0.526,0.655,0.683,0.7,0.616,0.706,0.646,0.698,0.62,0.613,0.653,0.489,0.584,0.659,0.699,0.7,0.692,0.66,0.688,0.675,0.626,0.553,0.63,0.628,0.549,0.525,0.579,0.554,0.621,0.642,0.573,0.642,0.723,0.712,0.736,0.615,0.616,0.69,0.655,0.648,0.73,0.654,0.667,0.656,0.663,0.741,0.613,0.487,0.603,0.594,0.681,0.454,0.677,0.771,0.712,0.615,0.534,0.612,0.56,0.675,0.67,0.651,0.638,0.688,0.654,0.578,0.643,0.65,0.703,0.646,0.461,0.693,0.653,0.687,0.705,0.683,0.74,0.645,0.681,0.67,0.627,0.684,0.659,0.635,0.693,0.666,0.655,1.0,0.642,0.735,0.803,0.741,0.703,0.609,0.623
0.658,0.59,0.577,0.697,0.648,0.613,0.66,0.734,0.828,0.628,0.524,0.447,0.668,0.671,0.737,0.662,0.557,0.555,0.573,0.629,0.599,0.627,0.571,0.555,0.625,0.733,0.71,0.51,0.52,0.57,0.528,0.67,0.56,0.586,0.627,0.57,0.677,0.738,0.765,0.666,0.743,0.596,0.687,0.586,0.597,0.61,0.744,0.763,0.591,0.727,0.548,0.518,0.623,0.708,0.666,0.611,0.576,0.543,0.655,0.648,0.578,0.638,0.59,0.652,0.65,0.638,0.738,0.722,0.718,0.705,0.603,0.651,0.663,0.708,0.693,0.638,0.745,0.706,0.723,0.81,0.673,0.463,0.75,0.527,0.821,0.844,0.614,0.579,0.573,0.509,0.664,0.518,0.583,0.698,0.724,0.681,0.699,0.678,0.774,0.759,0.712,0.734,0.709,0.707,0.675,0.566,0.719,0.739,0.767,0.772,0.705,0.778,0.757,0.72,0.769,0.669,0.678,0.807,0.587,0.617,0.593,0.773,0.642,1.0,0.774,0.698,0.661,0.719,0.737,0.739
0.798,0.746,0.718,0.831,0.774,0.73,0.797,0.852,0.799,0.624,0.648,0.575,0.725,0.774,0.847,0.74,0.712,0.699,0.769,0.819,0.814,0.805,0.765,0.728,0.816,0.784,0.793,0.642,0.738,0.779,0.734,0.787,0.783,0.771,0.797,0.717,0.841,0.837,0.847,0.818,0.84,0.768,0.839,0.733,0.782,0.716,0.646,0.728,0.682,0.828,0.649,0.612,0.745,0.832,0.847,0.813,0.731,0.694,0.787,0.77,0.748,0.749,0.772,0.798,0.797,0.765,0.811,0.854,0.841,0.828,0.762,0.841,0.835,0.853,0.758,0.806,0.83,0.831,0.855,0.8,0.833,0.559,0.578,0.563,0.722,0.82,0.548,0.624,0.716,0.663,0.785,0.684,0.72,0.718,0.856,0.858,0.828,0.836,0.88,0.864,0.79,0.86,0.859,0.864,0.803,0.698,0.881,0.81,0.869,0.851,0.868,0.894,0.817,0.84,0.874,0.825,0.851,0.865,0.777,0.8,0.72,0.711,0.735,0.774,1.0,0.749,0.806,0.861,0.803,0.796
0.647,0.614,0.577,0.678,0.594,0.575,0.645,0.697,0.703,0.55,0.752,0.772,0.724,0.684,0.748,0.627,0.557,0.801,0.622,0.644,0.633,0.646,0.575,0.584,0.644,0.695,0.656,0.616,0.62,0.61,0.572,0.646,0.606,0.607,0.601,0.532,0.669,0.682,0.712,0.632,0.719,0.618,0.686,0.582,0.597,0.61,0.556,0.63,0.587,0.689,0.67,0.797,0.66,0.698,0.676,0.626,0.581,0.588,0.643,0.622,0.576,0.587,0.581,0.632,0.628,0.596,0.671,0.715,0.686,0.704,0.607,0.66,0.671,0.671,0.651,0.662,0.659,0.7,0.681,0.704,0.69,0.512,0.534,0.53,0.65,0.714,0.489,0.593,0.816,0.747,0.653,0.562,0.62,0.652,0.695,0.677,0.654,0.652,0.709,0.695,0.618,0.678,0.674,0.699,0.64,0.522,0.687,0.67,0.703,0.705,0.686,0.733,0.684,0.669,0.699,0.639,0.649,0.709,0.613,0.632,0.604,0.648,0.803,0.698,0.749,1.0,0.726,0.71,0.658,0.646
0.709,0.705,0.674,0.743,0.659,0.615,0.718,0.743,0.68,0.531,0.674,0.601,0.662,0.733,0.758,0.683,0.652,0.715,0.731,0.75,0.733,0.739,0.659,0.685,0.74,0.756,0.692,0.662,0.703,0.697,0.685,0.703,0.698,0.698,0.665,0.615,0.757,0.756,0.762,0.687,0.795,0.718,0.763,0.668,0.667,0.71,0.568,0.646,0.689,0.762,0.683,0.61,0.742,0.761,0.76,0.696,0.64,0.687,0.704,0.643,0.621,0.656,0.67,0.742,0.72,0.65,0.728,0.795,0.773,0.801,0.672,0.711,0.751,0.723,0.755,0.781,0.707,0.745,0.748,0.737,0.791,0.619,0.483,0.635,0.663,0.736,0.476,0.67,0.724,0.653,0.693,0.613,0.707,0.628,0.773,0.769,0.716,0.712,0.746,0.723,0.629,0.718,0.731,0.78,0.7,0.537,0.758,0.752,0.756,0.771,0.748,0.795,0.715,0.756,0.758,0.687,0.745,0.72,0.709,0.755,0.71,0.7,0.741,0.661,0.806,0.726,1.0,0.792,0.711,0.712
0.761,0.764,0.716,0.809,0.767,0.721,0.754,0.854,0.746,0.539,0.61,0.529,0.654,0.725,0.832,0.702,0.684,0.669,0.758,0.803,0.828,0.807,0.758,0.739,0.813,0.76,0.782,0.636,0.78,0.766,0.753,0.777,0.785,0.748,0.815,0.673,0.838,0.829,0.83,0.82,0.831,0.761,0.821,0.716,0.787,0.75,0.619,0.694,0.67,0.818,0.642,0.57,0.73,0.861,0.853,0.778,0.748,0.682,0.804,0.795,0.765,0.741,0.759,0.794,0.79,0.764,0.787,0.82,0.803,0.805,0.773,0.839,0.847,0.832,0.71,0.793,0.805,0.831,0.858,0.775,0.812,0.551,0.498,0.558,0.659,0.783,0.493,0.607,0.678,0.648,0.833,0.704,0.724,0.693,0.875,0.841,0.803,0.826,0.854,0.862,0.752,0.856,0.843,0.868,0.787,0.652,0.852,0.81,0.857,0.821,0.842,0.865,0.781,0.791,0.825,0.786,0.811,0.825,0.774,0.801,0.71,0.678,0.703,0.719,0.861,0.71,0.792,1.0,0.798,0.798
0.644,0.613,0.593,0.696,0.628,0.596,0.643,0.726,0.68,0.521,0.528,0.465,0.602,0.653,0.724,0.631,0.568,0.586,0.667,0.683,0.707,0.691,0.662,0.606,0.714,0.675,0.74,0.539,0.71,0.732,0.653,0.665,0.681,0.656,0.712,0.639,0.753,0.73,0.759,0.701,0.752,0.65,0.708,0.595,0.64,0.621,0.607,0.674,0.577,0.716,0.522,0.501,0.659,0.778,0.746,0.687,0.72,0.608,0.734,0.784,0.739,0.668,0.697,0.695,0.696,0.69,0.733,0.734,0.733,0.694,0.667,0.734,0.711,0.726,0.636,0.662,0.773,0.743,0.767,0.732,0.721,0.454,0.497,0.481,0.623,0.788,0.478,0.556,0.601,0.65,0.785,0.729,0.736,0.685,0.832,0.765,0.72,0.725,0.756,0.789,0.684,0.767,0.771,0.769,0.7,0.605,0.754,0.825,0.803,0.784,0.757,0.759,0.736,0.75,0.797,0.702,0.688,0.766,0.665,0.701,0.611,0.649,0.609,0.737,0.803,0.658,0.711,0.798,1.0,0.847
0.678,0.643,0.6,0.713,0.651,0.623,0.667,0.742,0.688,0.534,0.545,0.477,0.61,0.651,0.736,0.647,0.598,0.589,0.665,0.693,0.712,0.704,0.669,0.64,0.724,0.682,0.704,0.548,0.734,0.724,0.669,0.692,0.683,0.67,0.719,0.628,0.743,0.74,0.781,0.725,0.735,0.677,0.717,0.628,0.66,0.66,0.636,0.693,0.607,0.726,0.542,0.507,0.655,0.781,0.738,0.7,0.706,0.611,0.739,0.765,0.72,0.677,0.706,0.706,0.723,0.7,0.719,0.73,0.744,0.7,0.679,0.737,0.723,0.722,0.654,0.673,0.779,0.728,0.775,0.707,0.716,0.483,0.521,0.472,0.635,0.744,0.54,0.574,0.603,0.64,0.759,0.691,0.703,0.656,0.827,0.773,0.738,0.734,0.776,0.803,0.694,0.771,0.776,0.771,0.722,0.601,0.77,0.799,0.812,0.776,0.751,0.77,0.721,0.746,0.791,0.708,0.717,0.775,0.671,0.719,0.624,0.628,0.623,0.739,0.796,0.646,0.712,0.798,0.847,1.0
