1.0,0.757,0.853,0.622,0.689,0.69,0.789,0.702,0.486,0.196,0.573,0.724,0.618,0.864,0.787,0.88,0.793,0.635,0.832,0.707,0.714,0.833,0.857,0.757,0.883,0.683,0.771,0.496,0.659,0.784,0.718,0.472,0.804,0.607,0.775,0.629,0.632,0.766,0.824,0.537,0.67,0.712,0.684,0.696,0.254,0.536,0.705,0.624,0.43,0.653,0.647,0.62,0.299,0.502,0.755,0.686,0.587,0.451,0.547,0.603,0.747,0.69,0.448,0.654,0.767,0.776,0.744,0.677,0.549,0.733,0.518,0.83,0.529,0.674,0.522,0.766,0.717,0.604,0.505,0.633,0.734,0.311,0.473,0.466,0.626,0.51,0.134,0.492,0.51,0.475,0.564,0.424,0.393,0.583,0.565,0.44,0.709,0.754,0.717,0.684,0.771,0.732,0.84,0.709,0.628,0.68,0.781,0.537,0.71,0.772,0.633,0.9,0.82,0.81,0.786,0.745,0.759,0.649,0.493,0.26,0.446,0.369,0.678,0.643,0.776,0.506,0.722,0.47,0.672,0.716,
0.757,1.0,0.678,0.824,0.532,0.681,0.627,0.569,0.553,0.285,0.501,0.423,0.418,0.64,0.533,0.684,0.802,0.56,0.756,0.767,0.524,0.816,0.607,0.891,0.851,0.731,0.654,0.375,0.502,0.638,0.53,0.817,0.568,0.586,0.742,0.757,0.805,0.683,0.8,0.745,0.892,0.591,0.76,0.749,0.383,0.824,0.624,0.76,0.724,0.854,0.626,0.21,0.586,0.298,0.426,0.749,0.601,0.634,0.686,0.371,0.439,0.312,0.813,0.871,0.715,0.539,0.548,0.77,0.542,0.822,0.741,0.779,0.642,0.604,0.376,0.915,0.828,0.789,0.604,0.877,0.802,0.543,0.715,0.684,0.796,0.536,0.338,0.458,0.449,0.429,0.652,0.514,0.428,0.229,0.778,0.52,0.605,0.88,0.668,0.526,0.78,0.544,0.857,0.873,0.806,0.769,0.866,0.589,0.739,0.868,0.665,0.759,0.85,0.807,0.739,0.806,0.954,0.402,0.442,0.545,0.744,0.637,0.729,0.698,0.701,0.604,0.637,0.723,0.703,0.91,
0.853,0.678,1.0,0.555,0.733,0.764,0.738,0.709,0.722,0.101,0.758,0.831,0.425,0.825,0.673,0.93,0.658,0.808,0.723,0.476,0.884,0.793,0.859,0.81,0.804,0.838,0.858,0.726,0.721,0.889,0.55,0.394,0.804,0.814,0.668,0.363,0.592,0.46,0.906,0.592,0.687,0.81,0.819,0.391,0.084,0.718,0.815,0.825,0.603,0.757,0.792,0.575,0.224,0.454,0.547,0.57,0.768,0.62,0.626,0.525,0.804,0.604,0.463,0.562,0.481,0.845,0.824,0.641,0.784,0.805,0.552,0.797,0.794,0.769,0.505,0.708,0.624,0.546,0.274,0.629,0.716,0.257,0.733,0.524,0.728,0.421,0.163,0.677,0.651,0.442,0.698,0.56,0.298,0.559,0.613,0.467,0.912,0.726,0.419,0.721,0.646,0.919,0.768,0.803,0.398,0.701,0.629,0.591,0.814,0.666,0.588,0.825,0.835,0.865,0.816,0.82,0.724,0.585,0.467,0.236,0.626,0.508,0.825,0.795,0.872,0.521,0.761,0.523,0.696,0.655,
0.622,0.824,0.555,1.0,0.337,0.838,0.606,0.597,0.649,0.468,0.443,0.418,0.465,0.519,0.43,0.699,0.827,0.586,0.742,0.646,0.577,0.72,0.641,0.745,0.701,0.543,0.63,0.513,0.495,0.686,0.447,0.693,0.445,0.484,0.829,0.742,0.754,0.662,0.736,0.619,0.735,0.324,0.8,0.71,0.542,0.575,0.471,0.501,0.378,0.719,0.721,0.236,0.595,0.422,0.494,0.789,0.475,0.52,0.401,0.616,0.365,0.482,0.799,0.85,0.84,0.624,0.628,0.543,0.487,0.685,0.695,0.81,0.631,0.751,0.572,0.803,0.813,0.761,0.659,0.794,0.595,0.192,0.625,0.41,0.602,0.321,0.465,0.613,0.557,0.26,0.491,0.501,0.384,0.285,0.78,0.521,0.557,0.856,0.769,0.645,0.816,0.437,0.922,0.671,0.751,0.889,0.802,0.485,0.682,0.69,0.9,0.77,0.759,0.672,0.713,0.588,0.821,0.16,0.255,0.38,0.472,0.525,0.503,0.669,0.683,0.6,0.368,0.82,0.58,0.898,
0.689,0.532,0.733,0.337,1.0,0.461,0.497,0.66,0.624,0.139,0.737,0.726,0.552,0.809,0.736,0.573,0.304,0.742,0.625,0.431,0.676,0.623,0.619,0.635,0.589,0.799,0.789,0.7,0.595,0.741,0.782,0.361,0.907,0.794,0.367,0.168,0.428,0.323,0.711,0.478,0.574,0.763,0.702,0.294,0.0,0.573,0.736,0.737,0.595,0.605,0.735,0.574,0.268,0.682,0.555,0.26,0.801,0.603,0.452,0.54,0.848,0.365,0.423,0.369,0.412,0.586,0.574,0.735,0.757,0.666,0.462,0.563,0.663,0.598,0.399,0.58,0.502,0.641,0.468,0.465,0.764,0.402,0.578,0.489,0.623,0.536,0.132,0.685,0.756,0.639,0.767,0.568,0.524,0.47,0.529,0.65,0.766,0.406,0.259,0.801,0.306,0.622,0.469,0.605,0.205,0.369,0.405,0.727,0.647,0.509,0.363,0.622,0.597,0.704,0.657,0.767,0.588,0.646,0.646,0.32,0.536,0.449,0.788,0.499,0.722,0.716,0.694,0.429,0.627,0.497,
0.69,0.681,0.764,0.838,0.461,1.0,0.526,0.534,0.664,0.223,0.518,0.689,0.281,0.628,0.343,0.866,0.726,0.604,0.712,0.528,0.814,0.75,0.82,0.723,0.78,0.645,0.722,0.619,0.519,0.891,0.491,0.319,0.63,0.531,0.714,0.546,0.525,0.599,0.834,0.437,0.609,0.441,0.886,0.524,0.192,0.624,0.486,0.646,0.424,0.679,0.788,0.305,0.302,0.445,0.65,0.694,0.575,0.525,0.336,0.709,0.467,0.719,0.479,0.714,0.735,0.774,0.849,0.44,0.555,0.613,0.434,0.799,0.66,0.783,0.597,0.659,0.664,0.552,0.385,0.72,0.468,0.171,0.633,0.289,0.503,0.199,0.237,0.622,0.564,0.246,0.553,0.493,0.309,0.332,0.8,0.413,0.699,0.784,0.59,0.728,0.75,0.607,0.856,0.758,0.594,0.858,0.688,0.445,0.77,0.513,0.781,0.846,0.709,0.815,0.621,0.625,0.72,0.251,0.312,0.209,0.413,0.385,0.566,0.664,0.78,0.5,0.416,0.713,0.455,0.777,
0.789,0.627,0.738,0.606,0.497,0.526,1.0,0.742,0.679,0.404,0.65,0.683,0.788,0.657,0.761,0.776,0.729,0.762,0.807,0.689,0.694,0.749,0.805,0.778,0.699,0.687,0.748,0.579,0.626,0.668,0.551,0.663,0.582,0.714,0.813,0.644,0.794,0.585,0.692,0.595,0.578,0.634,0.598,0.588,0.368,0.452,0.766,0.481,0.254,0.577,0.626,0.615,0.439,0.449,0.466,0.636,0.537,0.303,0.563,0.524,0.631,0.611,0.618,0.514,0.548,0.837,0.738,0.634,0.7,0.832,0.68,0.793,0.569,0.703,0.646,0.665,0.666,0.535,0.45,0.469,0.764,0.074,0.516,0.55,0.669,0.57,0.429,0.644,0.638,0.58,0.457,0.283,0.125,0.621,0.335,0.366,0.772,0.673,0.656,0.573,0.703,0.682,0.745,0.505,0.556,0.625,0.648,0.484,0.468,0.842,0.749,0.75,0.915,0.657,0.888,0.674,0.707,0.561,0.382,0.34,0.51,0.589,0.53,0.746,0.706,0.571,0.547,0.495,0.798,0.728,
0.702,0.569,0.709,0.597,0.66,0.534,0.742,1.0,0.628,0.259,0.724,0.6,0.736,0.809,0.732,0.685,0.622,0.907,0.593,0.422,0.715,0.714,0.626,0.647,0.64,0.648,0.855,0.833,0.897,0.736,0.509,0.549,0.658,0.736,0.729,0.323,0.557,0.411,0.757,0.673,0.709,0.784,0.729,0.538,0.56,0.422,0.841,0.585,0.42,0.746,0.818,0.815,0.528,0.813,0.353,0.493,0.817,0.611,0.511,0.732,0.764,0.484,0.648,0.641,0.599,0.758,0.585,0.789,0.786,0.791,0.679,0.789,0.785,0.868,0.657,0.818,0.803,0.802,0.748,0.644,0.844,0.261,0.628,0.378,0.777,0.465,0.385,0.848,0.698,0.572,0.765,0.593,0.462,0.842,0.57,0.411,0.77,0.634,0.484,0.634,0.564,0.61,0.715,0.466,0.363,0.65,0.541,0.655,0.577,0.708,0.631,0.796,0.711,0.673,0.894,0.759,0.686,0.699,0.653,0.328,0.439,0.48,0.745,0.704,0.676,0.678,0.716,0.562,0.872,0.61,
0.486,0.553,0.722,0.649,0.624,0.664,0.679,0.628,1.0,0.494,0.821,0.691,0.545,0.517,0.557,0.653,0.457,0.872,0.626,0.351,0.752,0.584,0.659,0.739,0.474,0.771,0.755,0.837,0.544,0.746,0.422,0.547,0.551,0.864,0.527,0.273,0.696,0.186,0.685,0.592,0.544,0.524,0.825,0.199,0.106,0.623,0.718,0.643,0.433,0.612,0.876,0.322,0.341,0.45,0.282,0.432,0.666,0.49,0.456,0.494,0.637,0.349,0.69,0.386,0.343,0.696,0.694,0.547,0.84,0.753,0.664,0.663,0.84,0.743,0.477,0.564,0.499,0.626,0.351,0.444,0.647,0.0,0.744,0.52,0.628,0.352,0.391,0.874,0.932,0.42,0.581,0.46,0.138,0.331,0.546,0.61,0.861,0.562,0.28,0.802,0.462,0.732,0.635,0.591,0.226,0.605,0.437,0.528,0.606,0.527,0.69,0.587,0.771,0.622,0.752,0.653,0.621,0.247,0.242,0.267,0.635,0.659,0.645,0.717,0.733,0.723,0.414,0.659,0.617,0.662,
0.196,0.285,0.101,0.468,0.139,0.223,0.404,0.259,0.494,1.0,0.106,0.0,0.646,0.247,0.45,0.081,0.129,0.288,0.204,0.281,0.0,0.0,0.119,0.17,0.065,0.188,0.053,0.195,0.344,0.114,0.309,0.403,0.0,0.119,0.157,0.25,0.316,0.0,0.02,0.0,0.0,0.11,0.351,0.076,0.0,0.148,0.054,0.0,0.0,0.0,0.445,0.131,0.421,0.274,0.07,0.0,0.058,0.0,0.375,0.323,0.227,0.025,0.489,0.08,0.367,0.213,0.102,0.091,0.18,0.343,0.179,0.124,0.264,0.11,0.224,0.237,0.077,0.355,0.41,0.076,0.247,0.0,0.16,0.464,0.223,0.449,0.451,0.396,0.55,0.271,0.107,0.0,0.099,0.208,0.331,0.439,0.115,0.068,0.196,0.412,0.073,0.198,0.318,0.198,0.188,0.072,0.049,0.182,0.134,0.338,0.395,0.29,0.357,0.017,0.312,0.0,0.191,0.119,0.0,0.351,0.327,0.456,0.215,0.352,0.194,0.638,0.171,0.556,0.285,0.412,
0.573,0.501,0.758,0.443,0.737,0.518,0.65,0.724,0.821,0.106,1.0,0.82,0.539,0.53,0.557,0.668,0.52,0.896,0.59,0.266,0.802,0.727,0.673,0.738,0.545,0.725,0.881,0.867,0.514,0.743,0.339,0.447,0.63,0.942,0.521,0.175,0.666,0.297,0.71,0.768,0.624,0.634,0.694,0.338,0.177,0.493,0.937,0.679,0.433,0.654,0.788,0.396,0.077,0.465,0.273,0.517,0.723,0.403,0.295,0.442,0.697,0.367,0.51,0.359,0.297,0.623,0.658,0.763,0.811,0.669,0.678,0.76,0.741,0.777,0.306,0.621,0.589,0.689,0.422,0.392,0.737,0.0,0.585,0.272,0.579,0.154,0.0,0.767,0.825,0.386,0.602,0.352,0.021,0.374,0.37,0.357,0.903,0.602,0.246,0.706,0.534,0.768,0.575,0.452,0.111,0.575,0.531,0.394,0.481,0.483,0.477,0.59,0.701,0.681,0.721,0.812,0.621,0.389,0.33,0.0,0.447,0.355,0.648,0.491,0.594,0.516,0.431,0.301,0.593,0.485,
0.724,0.423,0.831,0.418,0.726,0.689,0.683,0.6,0.691,0.0,0.82,1.0,0.489,0.64,0.518,0.834,0.538,0.75,0.745,0.46,0.939,0.785,0.92,0.714,0.697,0.744,0.881,0.753,0.45,0.893,0.584,0.193,0.813,0.795,0.58,0.336,0.515,0.519,0.766,0.462,0.461,0.602,0.692,0.398,0.0,0.438,0.765,0.627,0.289,0.527,0.709,0.506,0.0,0.513,0.66,0.545,0.648,0.296,0.197,0.637,0.676,0.779,0.238,0.342,0.433,0.832,0.919,0.58,0.733,0.598,0.407,0.77,0.554,0.757,0.546,0.465,0.516,0.416,0.244,0.357,0.582,0.0,0.458,0.196,0.42,0.213,0.0,0.66,0.703,0.472,0.522,0.28,0.059,0.442,0.359,0.284,0.892,0.566,0.41,0.749,0.592,0.716,0.589,0.5,0.279,0.586,0.534,0.394,0.51,0.452,0.559,0.725,0.707,0.791,0.646,0.732,0.573,0.475,0.403,0.0,0.299,0.262,0.515,0.491,0.717,0.444,0.391,0.292,0.492,0.524,
0.618,0.418,0.425,0.465,0.552,0.281,0.788,0.736,0.545,0.646,0.539,0.489,1.0,0.616,0.783,0.425,0.44,0.662,0.576,0.553,0.424,0.497,0.527,0.479,0.45,0.474,0.578,0.531,0.605,0.468,0.621,0.531,0.479,0.519,0.53,0.431,0.544,0.415,0.388,0.37,0.329,0.528,0.47,0.499,0.31,0.154,0.597,0.233,0.074,0.306,0.609,0.64,0.436,0.677,0.391,0.318,0.442,0.115,0.369,0.641,0.597,0.435,0.523,0.299,0.579,0.586,0.451,0.605,0.531,0.617,0.46,0.562,0.389,0.518,0.531,0.538,0.504,0.614,0.714,0.248,0.694,0.091,0.226,0.395,0.467,0.571,0.353,0.634,0.709,0.644,0.41,0.12,0.203,0.645,0.275,0.367,0.518,0.339,0.496,0.588,0.398,0.398,0.513,0.213,0.339,0.3,0.376,0.407,0.201,0.645,0.54,0.628,0.637,0.398,0.685,0.473,0.483,0.609,0.443,0.307,0.283,0.408,0.417,0.438,0.426,0.721,0.43,0.415,0.666,0.537,
0.864,0.64,0.825,0.519,0.809,0.628,0.657,0.809,0.517,0.247,0.53,0.64,0.616,1.0,0.789,0.747,0.516,0.729,0.654,0.58,0.702,0.684,0.71,0.646,0.777,0.766,0.767,0.634,0.877,0.802,0.797,0.39,0.864,0.617,0.599,0.37,0.39,0.47,0.802,0.396,0.624,0.883,0.776,0.465,0.185,0.601,0.667,0.717,0.59,0.687,0.766,0.808,0.498,0.771,0.621,0.362,0.814,0.681,0.681,0.726,0.831,0.585,0.472,0.61,0.649,0.789,0.658,0.679,0.708,0.787,0.415,0.664,0.7,0.679,0.652,0.738,0.648,0.623,0.56,0.678,0.777,0.533,0.631,0.581,0.759,0.691,0.348,0.681,0.598,0.68,0.819,0.635,0.653,0.788,0.708,0.544,0.719,0.547,0.465,0.696,0.47,0.652,0.682,0.726,0.475,0.53,0.494,0.778,0.755,0.718,0.528,0.869,0.71,0.784,0.789,0.736,0.678,0.841,0.77,0.494,0.569,0.534,0.854,0.748,0.815,0.727,0.899,0.631,0.796,0.652,
0.787,0.533,0.673,0.43,0.736,0.343,0.761,0.732,0.557,0.45,0.557,0.518,0.783,0.789,1.0,0.6,0.486,0.696,0.665,0.462,0.485,0.501,0.587,0.529,0.488,0.565,0.626,0.552,0.71,0.54,0.695,0.531,0.695,0.647,0.57,0.329,0.581,0.389,0.593,0.467,0.501,0.649,0.512,0.364,0.275,0.344,0.664,0.409,0.28,0.463,0.608,0.732,0.383,0.567,0.535,0.351,0.525,0.45,0.57,0.458,0.903,0.344,0.521,0.364,0.518,0.611,0.447,0.565,0.59,0.686,0.573,0.569,0.562,0.546,0.442,0.596,0.5,0.587,0.491,0.366,0.718,0.146,0.432,0.557,0.613,0.639,0.322,0.604,0.674,0.494,0.483,0.507,0.491,0.659,0.342,0.699,0.621,0.443,0.508,0.724,0.421,0.688,0.609,0.46,0.284,0.394,0.47,0.646,0.607,0.658,0.53,0.618,0.671,0.464,0.806,0.537,0.508,0.596,0.397,0.294,0.452,0.477,0.65,0.617,0.695,0.622,0.729,0.42,0.71,0.499,
0.88,0.684,0.93,0.699,0.573,0.866,0.776,0.685,0.653,0.081,0.668,0.834,0.425,0.747,0.6,1.0,0.828,0.731,0.832,0.571,0.904,0.86,0.948,0.805,0.849,0.717,0.852,0.669,0.627,0.909,0.537,0.397,0.759,0.707,0.842,0.563,0.658,0.678,0.919,0.587,0.686,0.628,0.783,0.577,0.276,0.586,0.729,0.671,0.399,0.726,0.731,0.549,0.235,0.436,0.694,0.77,0.63,0.516,0.446,0.623,0.689,0.781,0.451,0.671,0.658,0.897,0.906,0.565,0.668,0.733,0.575,0.901,0.674,0.842,0.62,0.708,0.723,0.524,0.324,0.659,0.626,0.107,0.625,0.354,0.612,0.302,0.189,0.624,0.565,0.334,0.551,0.506,0.265,0.533,0.584,0.396,0.848,0.839,0.664,0.714,0.833,0.811,0.882,0.723,0.56,0.855,0.772,0.5,0.779,0.665,0.766,0.878,0.841,0.857,0.809,0.746,0.748,0.449,0.363,0.147,0.438,0.395,0.634,0.745,0.864,0.415,0.589,0.524,0.627,0.722,
0.793,0.802,0.658,0.827,0.304,0.726,0.729,0.622,0.457,0.129,0.52,0.538,0.44,0.516,0.486,0.828,1.0,0.547,0.792,0.645,0.625,0.859,0.748,0.775,0.808,0.474,0.69,0.423,0.449,0.656,0.339,0.63,0.471,0.511,0.936,0.786,0.811,0.849,0.774,0.748,0.779,0.392,0.607,0.857,0.608,0.454,0.637,0.469,0.288,0.715,0.537,0.317,0.329,0.26,0.542,0.964,0.396,0.367,0.341,0.471,0.41,0.587,0.605,0.823,0.793,0.643,0.661,0.618,0.404,0.639,0.72,0.925,0.479,0.744,0.449,0.819,0.864,0.664,0.548,0.715,0.619,0.088,0.457,0.255,0.549,0.183,0.158,0.41,0.355,0.16,0.363,0.349,0.183,0.341,0.52,0.261,0.591,0.959,0.857,0.492,0.989,0.568,0.941,0.582,0.744,0.911,0.959,0.307,0.598,0.734,0.787,0.789,0.79,0.711,0.738,0.669,0.817,0.254,0.201,0.122,0.319,0.284,0.438,0.567,0.616,0.283,0.399,0.466,0.566,0.769,
0.635,0.56,0.808,0.586,0.742,0.604,0.762,0.907,0.872,0.288,0.896,0.75,0.662,0.729,0.696,0.731,0.547,1.0,0.64,0.367,0.837,0.715,0.701,0.75,0.595,0.796,0.915,0.95,0.792,0.818,0.486,0.551,0.696,0.925,0.655,0.246,0.65,0.283,0.8,0.713,0.688,0.764,0.82,0.357,0.344,0.563,0.908,0.704,0.488,0.755,0.906,0.663,0.418,0.698,0.317,0.472,0.859,0.621,0.512,0.639,0.8,0.448,0.675,0.519,0.427,0.799,0.701,0.756,0.934,0.838,0.73,0.783,0.9,0.891,0.605,0.729,0.696,0.749,0.549,0.565,0.828,0.142,0.758,0.459,0.777,0.421,0.374,0.946,0.878,0.559,0.765,0.592,0.312,0.669,0.55,0.517,0.933,0.625,0.35,0.758,0.522,0.757,0.68,0.549,0.247,0.654,0.498,0.657,0.631,0.645,0.656,0.723,0.786,0.718,0.899,0.808,0.687,0.559,0.528,0.287,0.577,0.595,0.778,0.759,0.767,0.721,0.64,0.586,0.824,0.627,
0.832,0.756,0.723,0.742,0.625,0.712,0.807,0.593,0.626,0.204,0.59,0.745,0.576,0.654,0.665,0.832,0.792,0.64,1.0,0.827,0.754,0.863,0.896,0.855,0.804,0.728,0.8,0.521,0.409,0.792,0.755,0.646,0.793,0.697,0.865,0.799,0.826,0.827,0.837,0.613,0.712,0.477,0.686,0.731,0.392,0.553,0.653,0.563,0.334,0.674,0.603,0.448,0.441,0.449,0.792,0.804,0.537,0.454,0.375,0.576,0.599,0.696,0.613,0.689,0.73,0.795,0.832,0.637,0.637,0.752,0.706,0.855,0.519,0.749,0.671,0.681,0.768,0.585,0.459,0.634,0.713,0.163,0.556,0.469,0.593,0.498,0.379,0.574,0.592,0.508,0.483,0.473,0.374,0.364,0.491,0.578,0.751,0.798,0.851,0.738,0.821,0.555,0.822,0.65,0.736,0.783,0.839,0.615,0.67,0.767,0.859,0.766,0.87,0.789,0.806,0.726,0.818,0.376,0.39,0.346,0.461,0.52,0.49,0.647,0.845,0.551,0.448,0.571,0.656,0.84,
0.707,0.767,0.476,0.646,0.431,0.528,0.689,0.422,0.351,0.281,0.266,0.46,0.553,0.58,0.462,0.571,0.645,0.367,0.827,1.0,0.47,0.752,0.673,0.768,0.817,0.664,0.547,0.17,0.316,0.564,0.755,0.677,0.595,0.389,0.701,0.921,0.655,0.809,0.619,0.394,0.596,0.47,0.549,0.801,0.293,0.579,0.413,0.507,0.417,0.567,0.391,0.313,0.631,0.383,0.615,0.622,0.438,0.327,0.501,0.499,0.259,0.581,0.586,0.695,0.71,0.623,0.637,0.617,0.448,0.714,0.485,0.643,0.288,0.452,0.634,0.637,0.686,0.479,0.519,0.653,0.681,0.513,0.435,0.61,0.582,0.7,0.482,0.329,0.317,0.696,0.481,0.24,0.357,0.291,0.518,0.338,0.471,0.635,0.771,0.395,0.663,0.218,0.645,0.636,0.921,0.55,0.704,0.542,0.42,0.852,0.667,0.703,0.783,0.721,0.608,0.632,0.808,0.514,0.56,0.652,0.529,0.594,0.406,0.557,0.612,0.594,0.428,0.613,0.643,0.872,
0.714,0.524,0.884,0.577,0.676,0.814,0.694,0.715,0.752,0.0,0.802,0.939,0.424,0.702,0.485,0.904,0.625,0.837,0.754,0.47,1.0,0.834,0.919,0.782,0.757,0.802,0.938,0.844,0.602,0.967,0.542,0.3,0.808,0.823,0.705,0.377,0.553,0.506,0.891,0.557,0.619,0.664,0.825,0.435,0.184,0.57,0.788,0.727,0.419,0.713,0.808,0.569,0.211,0.588,0.6,0.612,0.777,0.525,0.324,0.708,0.674,0.776,0.408,0.547,0.494,0.914,0.948,0.615,0.832,0.716,0.53,0.844,0.738,0.898,0.686,0.606,0.665,0.514,0.318,0.576,0.643,0.101,0.67,0.277,0.594,0.261,0.206,0.783,0.702,0.478,0.667,0.5,0.218,0.543,0.546,0.348,0.943,0.694,0.459,0.743,0.66,0.727,0.708,0.62,0.385,0.757,0.591,0.541,0.664,0.543,0.692,0.802,0.768,0.868,0.761,0.795,0.684,0.484,0.49,0.15,0.421,0.414,0.631,0.683,0.83,0.511,0.498,0.5,0.63,0.643,
0.833,0.816,0.793,0.72,0.623,0.75,0.749,0.714,0.584,0.0,0.727,0.785,0.497,0.684,0.501,0.86,0.859,0.715,0.863,0.752,0.834,1.0,0.864,0.928,0.939,0.782,0.904,0.606,0.514,0.854,0.57,0.609,0.747,0.74,0.852,0.718,0.767,0.811,0.905,0.768,0.844,0.659,0.767,0.823,0.415,0.652,0.818,0.753,0.539,0.843,0.682,0.428,0.373,0.483,0.596,0.851,0.711,0.503,0.417,0.604,0.522,0.679,0.6,0.802,0.708,0.777,0.831,0.845,0.689,0.791,0.701,0.955,0.612,0.828,0.577,0.845,0.897,0.716,0.577,0.773,0.816,0.337,0.62,0.382,0.694,0.358,0.179,0.586,0.526,0.517,0.667,0.417,0.257,0.416,0.609,0.288,0.816,0.9,0.712,0.595,0.882,0.595,0.841,0.703,0.72,0.843,0.886,0.515,0.622,0.794,0.714,0.865,0.873,0.938,0.789,0.92,0.923,0.523,0.548,0.295,0.495,0.432,0.631,0.62,0.738,0.504,0.528,0.516,0.711,0.828,
0.857,0.607,0.859,0.641,0.619,0.82,0.805,0.626,0.659,0.119,0.673,0.92,0.527,0.71,0.587,0.948,0.748,0.701,0.896,0.673,0.919,0.864,1.0,0.8,0.834,0.741,0.858,0.646,0.509,0.916,0.666,0.361,0.81,0.706,0.797,0.618,0.647,0.728,0.854,0.487,0.573,0.575,0.742,0.596,0.184,0.509,0.695,0.606,0.291,0.611,0.695,0.539,0.211,0.49,0.789,0.726,0.592,0.368,0.328,0.69,0.644,0.878,0.385,0.566,0.656,0.921,0.973,0.559,0.676,0.697,0.501,0.869,0.553,0.8,0.689,0.597,0.662,0.457,0.323,0.539,0.614,0.069,0.517,0.322,0.512,0.349,0.198,0.623,0.619,0.469,0.501,0.367,0.195,0.492,0.485,0.369,0.847,0.739,0.684,0.747,0.784,0.703,0.792,0.632,0.572,0.759,0.719,0.476,0.64,0.64,0.771,0.853,0.837,0.848,0.755,0.722,0.712,0.468,0.399,0.159,0.367,0.38,0.517,0.649,0.832,0.472,0.462,0.478,0.586,0.725,
0.757,0.891,0.81,0.745,0.635,0.723,0.778,0.647,0.739,0.17,0.738,0.714,0.479,0.646,0.529,0.805,0.775,0.75,0.855,0.768,0.782,0.928,0.8,1.0,0.881,0.897,0.851,0.596,0.502,0.806,0.562,0.762,0.698,0.82,0.784,0.707,0.86,0.654,0.891,0.792,0.866,0.681,0.82,0.681,0.306,0.834,0.81,0.844,0.682,0.878,0.716,0.314,0.492,0.376,0.457,0.766,0.737,0.593,0.611,0.457,0.518,0.499,0.761,0.765,0.576,0.747,0.787,0.826,0.783,0.905,0.785,0.873,0.728,0.76,0.534,0.838,0.823,0.713,0.483,0.784,0.861,0.397,0.787,0.641,0.812,0.509,0.35,0.636,0.617,0.573,0.706,0.475,0.256,0.311,0.656,0.45,0.854,0.871,0.608,0.607,0.79,0.654,0.812,0.825,0.71,0.797,0.824,0.609,0.683,0.861,0.728,0.782,0.953,0.916,0.83,0.925,0.958,0.465,0.5,0.476,0.748,0.686,0.721,0.758,0.799,0.629,0.579,0.658,0.774,0.902,
0.883,0.851,0.804,0.701,0.589,0.78,0.699,0.64,0.474,0.065,0.545,0.697,0.45,0.777,0.488,0.849,0.808,0.595,0.804,0.817,0.757,0.939,0.834,0.881,1.0,0.787,0.793,0.459,0.572,0.828,0.64,0.535,0.742,0.584,0.781,0.743,0.63,0.8,0.875,0.588,0.778,0.722,0.779,0.795,0.266,0.726,0.679,0.784,0.626,0.802,0.646,0.438,0.428,0.466,0.628,0.746,0.689,0.524,0.568,0.614,0.483,0.698,0.532,0.817,0.75,0.772,0.803,0.766,0.6,0.791,0.525,0.861,0.563,0.7,0.582,0.834,0.822,0.628,0.532,0.819,0.766,0.527,0.61,0.501,0.709,0.492,0.211,0.481,0.411,0.569,0.698,0.4,0.342,0.451,0.719,0.267,0.717,0.841,0.678,0.526,0.815,0.571,0.827,0.82,0.804,0.765,0.822,0.536,0.664,0.828,0.641,0.921,0.853,0.956,0.722,0.863,0.907,0.635,0.629,0.435,0.567,0.474,0.688,0.67,0.741,0.535,0.648,0.595,0.698,0.853,
0.683,0.731,0.838,0.543,0.799,0.645,0.687,0.648,0.771,0.188,0.725,0.744,0.474,0.766,0.565,0.717,0.474,0.796,0.728,0.664,0.802,0.782,0.741,0.897,0.787,1.0,0.837,0.677,0.615,0.833,0.689,0.589,0.81,0.85,0.558,0.449,0.621,0.392,0.846,0.58,0.721,0.835,0.855,0.402,0.044,0.877,0.773,0.924,0.781,0.807,0.776,0.458,0.509,0.537,0.42,0.434,0.884,0.687,0.706,0.512,0.635,0.464,0.646,0.584,0.399,0.777,0.77,0.773,0.909,0.914,0.598,0.687,0.802,0.687,0.593,0.702,0.638,0.603,0.379,0.692,0.85,0.533,0.85,0.747,0.844,0.67,0.425,0.737,0.706,0.765,0.858,0.556,0.38,0.439,0.678,0.528,0.892,0.618,0.339,0.65,0.485,0.657,0.611,0.838,0.513,0.575,0.531,0.762,0.693,0.767,0.567,0.73,0.862,0.896,0.782,0.898,0.823,0.646,0.691,0.603,0.837,0.784,0.842,0.802,0.842,0.776,0.714,0.69,0.806,0.787,
0.771,0.654,0.858,0.63,0.789,0.722,0.748,0.855,0.755,0.053,0.881,0.881,0.578,0.767,0.626,0.852,0.69,0.915,0.8,0.547,0.938,0.904,0.858,0.851,0.793,0.837,1.0,0.872,0.675,0.931,0.606,0.511,0.845,0.902,0.765,0.439,0.68,0.57,0.92,0.741,0.779,0.75,0.836,0.581,0.367,0.599,0.913,0.77,0.514,0.824,0.844,0.625,0.353,0.685,0.558,0.666,0.86,0.609,0.402,0.704,0.747,0.651,0.586,0.655,0.579,0.853,0.847,0.828,0.878,0.812,0.708,0.908,0.79,0.935,0.653,0.776,0.817,0.738,0.56,0.671,0.838,0.224,0.706,0.362,0.728,0.368,0.243,0.831,0.758,0.573,0.771,0.571,0.341,0.592,0.586,0.44,0.951,0.762,0.535,0.765,0.703,0.705,0.759,0.627,0.445,0.774,0.693,0.646,0.674,0.681,0.701,0.828,0.822,0.885,0.866,0.912,0.803,0.58,0.601,0.246,0.495,0.476,0.731,0.682,0.819,0.626,0.6,0.53,0.773,0.709,
0.496,0.375,0.726,0.513,0.7,0.619,0.579,0.833,0.837,0.195,0.867,0.753,0.531,0.634,0.552,0.669,0.423,0.95,0.521,0.17,0.844,0.606,0.646,0.596,0.459,0.677,0.872,1.0,0.716,0.816,0.401,0.325,0.659,0.856,0.538,0.062,0.475,0.172,0.729,0.592,0.556,0.631,0.788,0.216,0.282,0.424,0.803,0.609,0.364,0.647,0.899,0.618,0.267,0.723,0.319,0.379,0.809,0.572,0.288,0.685,0.756,0.462,0.514,0.408,0.362,0.739,0.678,0.613,0.869,0.657,0.591,0.701,0.856,0.888,0.572,0.582,0.586,0.663,0.472,0.458,0.651,0.0,0.671,0.229,0.602,0.21,0.265,0.95,0.871,0.417,0.696,0.583,0.284,0.615,0.511,0.469,0.877,0.512,0.235,0.781,0.417,0.682,0.578,0.42,0.07,0.61,0.368,0.567,0.583,0.403,0.593,0.637,0.605,0.629,0.758,0.687,0.526,0.423,0.444,0.107,0.387,0.418,0.67,0.621,0.694,0.628,0.489,0.503,0.647,0.474,
0.659,0.502,0.721,0.495,0.595,0.519,0.626,0.897,0.544,0.344,0.514,0.45,0.605,0.877,0.71,0.627,0.449,0.792,0.409,0.316,0.602,0.514,0.509,0.502,0.572,0.615,0.675,0.716,1.0,0.662,0.487,0.391,0.593,0.571,0.553,0.167,0.323,0.199,0.675,0.423,0.565,0.844,0.718,0.303,0.329,0.485,0.658,0.597,0.506,0.655,0.785,0.837,0.544,0.76,0.274,0.247,0.79,0.675,0.701,0.669,0.763,0.401,0.536,0.55,0.499,0.717,0.484,0.594,0.708,0.754,0.449,0.584,0.795,0.696,0.611,0.721,0.603,0.634,0.578,0.619,0.714,0.397,0.656,0.512,0.783,0.575,0.439,0.766,0.593,0.549,0.782,0.634,0.552,0.897,0.654,0.429,0.656,0.474,0.292,0.55,0.36,0.638,0.623,0.561,0.285,0.496,0.33,0.682,0.647,0.644,0.485,0.762,0.616,0.597,0.797,0.615,0.552,0.768,0.669,0.44,0.535,0.542,0.829,0.79,0.673,0.681,0.867,0.633,0.826,0.527,
0.784,0.638,0.889,0.686,0.741,0.891,0.668,0.736,0.746,0.114,0.743,0.893,0.468,0.802,0.54,0.909,0.656,0.818,0.792,0.564,0.967,0.854,0.916,0.806,0.828,0.833,0.931,0.816,0.662,1.0,0.666,0.352,0.864,0.776,0.721,0.453,0.551,0.572,0.928,0.533,0.672,0.696,0.913,0.511,0.189,0.645,0.739,0.775,0.507,0.759,0.872,0.576,0.325,0.668,0.686,0.62,0.811,0.608,0.401,0.791,0.7,0.777,0.482,0.652,0.646,0.907,0.936,0.656,0.807,0.755,0.52,0.857,0.764,0.892,0.713,0.696,0.721,0.615,0.446,0.688,0.689,0.247,0.705,0.362,0.645,0.363,0.259,0.794,0.724,0.527,0.745,0.573,0.379,0.554,0.713,0.46,0.905,0.73,0.53,0.816,0.681,0.701,0.784,0.73,0.495,0.786,0.641,0.63,0.76,0.604,0.733,0.888,0.79,0.917,0.774,0.815,0.759,0.534,0.57,0.268,0.484,0.466,0.712,0.717,0.878,0.632,0.583,0.638,0.66,0.744,
0.718,0.53,0.55,0.447,0.782,0.491,0.551,0.509,0.422,0.309,0.339,0.584,0.621,0.797,0.695,0.537,0.339,0.486,0.755,0.755,0.542,0.57,0.666,0.562,0.64,0.689,0.606,0.401,0.487,0.666,1.0,0.382,0.867,0.479,0.478,0.521,0.381,0.561,0.613,0.177,0.425,0.575,0.602,0.469,0.073,0.462,0.405,0.5,0.376,0.439,0.545,0.601,0.514,0.698,0.798,0.288,0.58,0.463,0.426,0.672,0.638,0.589,0.394,0.45,0.635,0.657,0.622,0.526,0.559,0.621,0.305,0.489,0.39,0.472,0.676,0.474,0.487,0.448,0.478,0.481,0.631,0.462,0.419,0.547,0.509,0.756,0.431,0.524,0.557,0.761,0.598,0.47,0.649,0.493,0.521,0.641,0.541,0.354,0.559,0.705,0.351,0.318,0.49,0.57,0.553,0.351,0.419,0.757,0.56,0.609,0.545,0.668,0.6,0.642,0.592,0.552,0.574,0.641,0.678,0.56,0.435,0.516,0.539,0.516,0.734,0.743,0.578,0.577,0.598,0.647,
0.472,0.817,0.394,0.693,0.361,0.319,0.663,0.549,0.547,0.403,0.447,0.193,0.531,0.39,0.531,0.397,0.63,0.551,0.646,0.677,0.3,0.609,0.361,0.762,0.535,0.589,0.511,0.325,0.391,0.352,0.382,1.0,0.328,0.581,0.677,0.691,0.875,0.474,0.561,0.778,0.792,0.426,0.514,0.627,0.587,0.62,0.584,0.504,0.519,0.715,0.452,0.191,0.74,0.245,0.125,0.604,0.473,0.518,0.621,0.181,0.319,0.042,0.944,0.701,0.473,0.387,0.306,0.71,0.55,0.791,0.887,0.608,0.563,0.504,0.371,0.771,0.742,0.735,0.604,0.674,0.795,0.368,0.647,0.707,0.776,0.595,0.587,0.479,0.452,0.47,0.496,0.445,0.341,0.207,0.47,0.528,0.489,0.691,0.594,0.352,0.591,0.329,0.645,0.557,0.669,0.59,0.685,0.579,0.464,0.852,0.647,0.461,0.765,0.506,0.745,0.643,0.809,0.273,0.335,0.618,0.708,0.752,0.527,0.638,0.53,0.604,0.458,0.64,0.759,0.79,
0.804,0.568,0.804,0.445,0.907,0.63,0.582,0.658,0.551,0.0,0.63,0.813,0.479,0.864,0.695,0.759,0.471,0.696,0.793,0.595,0.808,0.747,0.81,0.698,0.742,0.81,0.845,0.659,0.593,0.864,0.867,0.328,1.0,0.734,0.579,0.383,0.452,0.555,0.843,0.433,0.62,0.729,0.728,0.448,0.122,0.576,0.68,0.721,0.519,0.661,0.685,0.668,0.331,0.693,0.783,0.443,0.781,0.638,0.416,0.661,0.81,0.65,0.376,0.528,0.557,0.774,0.771,0.661,0.744,0.692,0.456,0.682,0.616,0.707,0.637,0.591,0.613,0.532,0.399,0.583,0.714,0.383,0.598,0.44,0.618,0.549,0.24,0.652,0.629,0.642,0.734,0.638,0.594,0.552,0.558,0.606,0.797,0.543,0.499,0.791,0.491,0.596,0.598,0.667,0.431,0.552,0.545,0.777,0.74,0.581,0.552,0.745,0.672,0.818,0.716,0.768,0.659,0.65,0.681,0.351,0.467,0.445,0.709,0.6,0.865,0.622,0.682,0.489,0.653,0.607,
0.607,0.586,0.814,0.484,0.794,0.531,0.714,0.736,0.864,0.119,0.942,0.795,0.519,0.617,0.647,0.707,0.511,0.925,0.697,0.389,0.823,0.74,0.706,0.82,0.584,0.85,0.902,0.856,0.571,0.776,0.479,0.581,0.734,1.0,0.589,0.262,0.731,0.303,0.804,0.778,0.718,0.706,0.742,0.32,0.222,0.643,0.929,0.766,0.554,0.755,0.784,0.475,0.289,0.491,0.328,0.507,0.808,0.597,0.471,0.417,0.762,0.356,0.635,0.448,0.284,0.706,0.695,0.766,0.923,0.808,0.776,0.746,0.834,0.798,0.45,0.654,0.632,0.668,0.369,0.507,0.816,0.131,0.761,0.496,0.737,0.382,0.256,0.819,0.829,0.517,0.698,0.556,0.224,0.424,0.433,0.551,0.956,0.63,0.313,0.733,0.518,0.775,0.601,0.588,0.229,0.613,0.547,0.632,0.63,0.612,0.576,0.592,0.791,0.734,0.834,0.853,0.7,0.441,0.432,0.24,0.634,0.591,0.739,0.678,0.769,0.615,0.566,0.458,0.737,0.594,
0.775,0.742,0.668,0.829,0.367,0.714,0.813,0.729,0.527,0.157,0.521,0.58,0.53,0.599,0.57,0.842,0.936,0.655,0.865,0.701,0.705,0.852,0.797,0.784,0.781,0.558,0.765,0.538,0.553,0.721,0.478,0.677,0.579,0.589,1.0,0.79,0.808,0.811,0.826,0.714,0.785,0.453,0.646,0.815,0.706,0.45,0.659,0.467,0.264,0.75,0.585,0.52,0.52,0.446,0.594,0.9,0.511,0.485,0.381,0.594,0.498,0.667,0.675,0.838,0.775,0.785,0.734,0.619,0.567,0.737,0.779,0.921,0.565,0.845,0.701,0.796,0.901,0.645,0.567,0.74,0.683,0.103,0.563,0.334,0.644,0.352,0.427,0.577,0.443,0.342,0.459,0.507,0.345,0.52,0.513,0.382,0.674,0.907,0.895,0.553,0.924,0.522,0.915,0.555,0.76,0.918,0.883,0.517,0.634,0.791,0.905,0.798,0.829,0.721,0.856,0.678,0.817,0.348,0.349,0.284,0.365,0.447,0.46,0.701,0.746,0.414,0.456,0.579,0.716,0.81,
0.629,0.757,0.363,0.742,0.168,0.546,0.644,0.323,0.273,0.25,0.175,0.336,0.431,0.37,0.329,0.563,0.786,0.246,0.799,0.921,0.377,0.718,0.618,0.707,0.743,0.449,0.439,0.062,0.167,0.453,0.521,0.691,0.383,0.262,0.79,1.0,0.729,0.884,0.553,0.454,0.591,0.219,0.439,0.874,0.468,0.445,0.313,0.326,0.233,0.515,0.272,0.137,0.544,0.175,0.563,0.793,0.215,0.206,0.337,0.388,0.094,0.544,0.585,0.741,0.75,0.52,0.565,0.484,0.256,0.578,0.541,0.675,0.181,0.442,0.531,0.615,0.709,0.446,0.479,0.629,0.525,0.286,0.326,0.424,0.444,0.452,0.408,0.196,0.176,0.395,0.248,0.16,0.215,0.138,0.433,0.24,0.343,0.737,0.888,0.297,0.805,0.162,0.718,0.528,0.956,0.667,0.815,0.336,0.368,0.773,0.74,0.627,0.723,0.601,0.541,0.498,0.768,0.231,0.277,0.459,0.362,0.439,0.208,0.465,0.502,0.368,0.222,0.535,0.494,0.839,
0.632,0.805,0.592,0.754,0.428,0.525,0.794,0.557,0.696,0.316,0.666,0.515,0.544,0.39,0.581,0.658,0.811,0.65,0.826,0.655,0.553,0.767,0.647,0.86,0.63,0.621,0.68,0.475,0.323,0.551,0.381,0.875,0.452,0.731,0.808,0.729,1.0,0.637,0.693,0.852,0.778,0.373,0.581,0.673,0.51,0.564,0.72,0.512,0.365,0.696,0.545,0.183,0.432,0.18,0.359,0.827,0.428,0.384,0.434,0.257,0.447,0.306,0.815,0.65,0.541,0.553,0.573,0.682,0.586,0.754,0.913,0.809,0.567,0.664,0.37,0.739,0.755,0.697,0.48,0.583,0.738,0.051,0.585,0.514,0.641,0.36,0.342,0.525,0.581,0.312,0.373,0.359,0.123,0.164,0.389,0.502,0.679,0.836,0.711,0.557,0.81,0.575,0.791,0.562,0.62,0.759,0.847,0.431,0.533,0.779,0.776,0.57,0.866,0.616,0.795,0.7,0.82,0.158,0.138,0.282,0.561,0.57,0.464,0.607,0.636,0.471,0.344,0.508,0.647,0.789,
0.766,0.683,0.46,0.662,0.323,0.599,0.585,0.411,0.186,0.0,0.297,0.519,0.415,0.47,0.389,0.678,0.849,0.283,0.827,0.809,0.506,0.811,0.728,0.654,0.8,0.392,0.57,0.172,0.199,0.572,0.561,0.474,0.555,0.303,0.811,0.884,0.637,1.0,0.636,0.486,0.602,0.259,0.43,0.933,0.48,0.302,0.416,0.325,0.154,0.512,0.305,0.271,0.284,0.287,0.764,0.866,0.255,0.186,0.131,0.505,0.263,0.698,0.373,0.722,0.836,0.549,0.635,0.539,0.22,0.458,0.475,0.778,0.141,0.544,0.481,0.623,0.753,0.481,0.516,0.59,0.503,0.189,0.196,0.147,0.328,0.245,0.091,0.186,0.176,0.287,0.253,0.185,0.246,0.223,0.388,0.184,0.401,0.772,0.923,0.415,0.88,0.256,0.751,0.457,0.835,0.714,0.886,0.279,0.417,0.641,0.672,0.709,0.635,0.663,0.52,0.557,0.718,0.29,0.302,0.162,0.124,0.132,0.217,0.311,0.51,0.231,0.241,0.326,0.401,0.701,
0.824,0.8,0.906,0.736,0.711,0.834,0.692,0.757,0.685,0.02,0.71,0.766,0.388,0.802,0.593,0.919,0.774,0.8,0.837,0.619,0.891,0.905,0.854,0.891,0.875,0.846,0.92,0.729,0.675,0.928,0.613,0.561,0.843,0.804,0.826,0.553,0.693,0.636,1.0,0.724,0.875,0.729,0.876,0.609,0.38,0.76,0.793,0.842,0.648,0.916,0.789,0.545,0.452,0.552,0.617,0.738,0.825,0.769,0.55,0.617,0.704,0.624,0.639,0.814,0.646,0.841,0.835,0.744,0.8,0.845,0.717,0.897,0.816,0.891,0.648,0.836,0.849,0.697,0.468,0.844,0.79,0.36,0.82,0.494,0.801,0.434,0.33,0.72,0.606,0.478,0.778,0.724,0.497,0.516,0.736,0.541,0.886,0.872,0.625,0.724,0.775,0.724,0.862,0.829,0.615,0.878,0.79,0.728,0.873,0.745,0.756,0.856,0.852,0.935,0.866,0.891,0.878,0.513,0.568,0.372,0.618,0.566,0.792,0.805,0.924,0.573,0.701,0.665,0.766,0.807,
0.537,0.745,0.592,0.619,0.478,0.437,0.595,0.673,0.592,0.0,0.768,0.462,0.37,0.396,0.467,0.587,0.748,0.713,0.613,0.394,0.557,0.768,0.487,0.792,0.588,0.58,0.741,0.592,0.423,0.533,0.177,0.778,0.433,0.778,0.714,0.454,0.852,0.486,0.724,1.0,0.899,0.494,0.571,0.614,0.61,0.563,0.845,0.628,0.528,0.836,0.564,0.226,0.346,0.248,0.144,0.761,0.597,0.55,0.394,0.206,0.472,0.138,0.763,0.693,0.413,0.428,0.425,0.818,0.623,0.698,0.934,0.799,0.679,0.725,0.223,0.824,0.825,0.81,0.549,0.664,0.784,0.161,0.647,0.353,0.71,0.172,0.151,0.546,0.499,0.222,0.54,0.491,0.184,0.225,0.426,0.367,0.689,0.835,0.499,0.444,0.731,0.576,0.707,0.513,0.424,0.752,0.793,0.431,0.543,0.665,0.561,0.517,0.711,0.629,0.754,0.808,0.794,0.225,0.262,0.168,0.519,0.424,0.595,0.522,0.533,0.363,0.44,0.376,0.66,0.615,
0.67,0.892,0.687,0.735,0.574,0.609,0.578,0.709,0.544,0.0,0.624,0.461,0.329,0.624,0.501,0.686,0.779,0.688,0.712,0.596,0.619,0.844,0.573,0.866,0.778,0.721,0.779,0.556,0.565,0.672,0.425,0.792,0.62,0.718,0.785,0.591,0.778,0.602,0.875,0.899,1.0,0.636,0.731,0.704,0.597,0.76,0.764,0.787,0.73,0.972,0.631,0.349,0.581,0.404,0.338,0.758,0.744,0.788,0.581,0.373,0.516,0.277,0.813,0.901,0.591,0.558,0.529,0.846,0.674,0.817,0.873,0.823,0.754,0.764,0.433,0.932,0.925,0.832,0.611,0.91,0.849,0.479,0.803,0.534,0.859,0.414,0.345,0.575,0.446,0.399,0.744,0.705,0.507,0.345,0.698,0.497,0.7,0.897,0.609,0.498,0.756,0.537,0.804,0.758,0.661,0.833,0.842,0.682,0.758,0.798,0.649,0.688,0.777,0.803,0.811,0.882,0.927,0.406,0.521,0.457,0.669,0.585,0.754,0.697,0.725,0.516,0.653,0.626,0.778,0.792,
0.712,0.591,0.81,0.324,0.763,0.441,0.634,0.784,0.524,0.11,0.634,0.602,0.528,0.883,0.649,0.628,0.392,0.764,0.477,0.47,0.664,0.659,0.575,0.681,0.722,0.835,0.75,0.631,0.844,0.696,0.575,0.426,0.729,0.706,0.453,0.219,0.373,0.259,0.729,0.494,0.636,1.0,0.705,0.34,0.081,0.696,0.788,0.835,0.751,0.729,0.703,0.704,0.442,0.634,0.268,0.243,0.894,0.657,0.786,0.506,0.719,0.381,0.475,0.503,0.345,0.694,0.558,0.779,0.799,0.834,0.436,0.583,0.745,0.595,0.493,0.717,0.582,0.58,0.452,0.622,0.844,0.622,0.701,0.655,0.849,0.669,0.28,0.649,0.546,0.744,0.887,0.516,0.427,0.726,0.599,0.329,0.763,0.476,0.186,0.467,0.343,0.669,0.51,0.696,0.338,0.397,0.375,0.692,0.593,0.729,0.309,0.735,0.705,0.775,0.747,0.83,0.667,0.904,0.814,0.525,0.713,0.605,0.912,0.736,0.675,0.673,0.914,0.508,0.847,0.556,
0.684,0.76,0.819,0.8,0.702,0.886,0.598,0.729,0.825,0.351,0.694,0.692,0.47,0.776,0.512,0.783,0.607,0.82,0.686,0.549,0.825,0.767,0.742,0.82,0.779,0.855,0.836,0.788,0.718,0.913,0.602,0.514,0.728,0.742,0.646,0.439,0.581,0.43,0.876,0.571,0.731,0.705,1.0,0.462,0.19,0.792,0.683,0.839,0.677,0.822,0.95,0.441,0.512,0.645,0.483,0.538,0.842,0.717,0.578,0.729,0.628,0.536,0.693,0.721,0.648,0.786,0.782,0.689,0.807,0.826,0.578,0.783,0.879,0.827,0.625,0.794,0.725,0.757,0.563,0.794,0.74,0.404,0.834,0.55,0.765,0.46,0.396,0.837,0.775,0.534,0.834,0.629,0.451,0.474,0.896,0.566,0.833,0.728,0.437,0.79,0.603,0.663,0.8,0.837,0.523,0.764,0.6,0.683,0.801,0.662,0.72,0.858,0.8,0.874,0.77,0.807,0.82,0.49,0.571,0.459,0.683,0.645,0.827,0.794,0.838,0.795,0.643,0.841,0.71,0.834,
0.696,0.749,0.391,0.71,0.294,0.524,0.588,0.538,0.199,0.076,0.338,0.398,0.499,0.465,0.364,0.577,0.857,0.357,0.731,0.801,0.435,0.823,0.596,0.681,0.795,0.402,0.581,0.216,0.303,0.511,0.469,0.627,0.448,0.32,0.815,0.874,0.673,0.933,0.609,0.614,0.704,0.34,0.462,1.0,0.63,0.343,0.493,0.37,0.263,0.613,0.362,0.277,0.447,0.367,0.544,0.846,0.351,0.247,0.227,0.514,0.201,0.55,0.542,0.815,0.841,0.484,0.517,0.695,0.271,0.54,0.578,0.794,0.228,0.574,0.463,0.764,0.863,0.657,0.726,0.689,0.635,0.323,0.266,0.207,0.463,0.292,0.172,0.259,0.196,0.367,0.376,0.193,0.262,0.286,0.468,0.12,0.381,0.798,0.869,0.32,0.862,0.187,0.753,0.44,0.855,0.714,0.881,0.302,0.347,0.735,0.642,0.718,0.651,0.657,0.568,0.633,0.797,0.372,0.415,0.284,0.212,0.217,0.301,0.339,0.419,0.337,0.296,0.403,0.53,0.747,
0.254,0.383,0.084,0.542,0.0,0.192,0.368,0.56,0.106,0.0,0.177,0.0,0.31,0.185,0.275,0.276,0.608,0.344,0.392,0.293,0.184,0.415,0.184,0.306,0.266,0.044,0.367,0.282,0.329,0.189,0.073,0.587,0.122,0.222,0.706,0.468,0.51,0.48,0.38,0.61,0.597,0.081,0.19,0.63,1.0,0.015,0.343,0.025,0.0,0.5,0.195,0.358,0.542,0.341,0.138,0.602,0.227,0.366,0.062,0.302,0.162,0.159,0.578,0.661,0.503,0.258,0.12,0.41,0.216,0.341,0.689,0.528,0.286,0.559,0.426,0.564,0.731,0.553,0.615,0.522,0.419,0.0,0.27,0.0,0.401,0.092,0.415,0.328,0.093,0.06,0.209,0.45,0.386,0.373,0.206,0.2,0.185,0.569,0.66,0.131,0.562,0.0,0.521,0.041,0.46,0.61,0.564,0.334,0.254,0.453,0.582,0.309,0.314,0.196,0.534,0.298,0.452,0.065,0.188,0.167,0.018,0.177,0.119,0.304,0.262,0.137,0.16,0.302,0.487,0.395,
0.536,0.824,0.718,0.575,0.573,0.624,0.452,0.422,0.623,0.148,0.493,0.438,0.154,0.601,0.344,0.586,0.454,0.563,0.553,0.579,0.57,0.652,0.509,0.834,0.726,0.877,0.599,0.424,0.485,0.645,0.462,0.62,0.576,0.643,0.45,0.445,0.564,0.302,0.76,0.563,0.76,0.696,0.792,0.343,0.015,1.0,0.564,0.935,0.928,0.83,0.627,0.146,0.534,0.241,0.219,0.415,0.743,0.759,0.795,0.243,0.4,0.192,0.684,0.664,0.33,0.53,0.547,0.644,0.697,0.821,0.556,0.545,0.759,0.494,0.352,0.708,0.574,0.555,0.267,0.795,0.708,0.667,0.893,0.81,0.835,0.585,0.398,0.503,0.454,0.526,0.784,0.58,0.395,0.17,0.783,0.498,0.675,0.646,0.251,0.439,0.449,0.563,0.589,0.95,0.57,0.569,0.535,0.672,0.745,0.712,0.45,0.595,0.752,0.808,0.616,0.79,0.815,0.433,0.533,0.664,0.934,0.793,0.829,0.774,0.727,0.629,0.688,0.739,0.666,0.773,
0.705,0.624,0.815,0.471,0.736,0.486,0.766,0.841,0.718,0.054,0.937,0.765,0.597,0.667,0.664,0.729,0.637,0.908,0.653,0.413,0.788,0.818,0.695,0.81,0.679,0.773,0.913,0.803,0.658,0.739,0.405,0.584,0.68,0.929,0.659,0.313,0.72,0.416,0.793,0.845,0.764,0.788,0.683,0.493,0.343,0.564,1.0,0.739,0.537,0.779,0.744,0.556,0.256,0.512,0.287,0.588,0.797,0.518,0.489,0.446,0.737,0.396,0.596,0.524,0.379,0.691,0.648,0.874,0.838,0.802,0.764,0.825,0.765,0.803,0.404,0.769,0.734,0.737,0.511,0.548,0.876,0.19,0.653,0.412,0.753,0.339,0.121,0.735,0.709,0.506,0.7,0.446,0.163,0.545,0.414,0.342,0.904,0.699,0.374,0.607,0.621,0.774,0.657,0.537,0.288,0.631,0.633,0.52,0.544,0.69,0.51,0.686,0.797,0.757,0.848,0.903,0.74,0.584,0.499,0.175,0.546,0.457,0.748,0.622,0.659,0.532,0.63,0.354,0.781,0.574,
0.624,0.76,0.825,0.501,0.737,0.646,0.481,0.585,0.643,0.0,0.679,0.627,0.233,0.717,0.409,0.671,0.469,0.704,0.563,0.507,0.727,0.753,0.606,0.844,0.784,0.924,0.77,0.609,0.597,0.775,0.5,0.504,0.721,0.766,0.467,0.326,0.512,0.325,0.842,0.628,0.787,0.835,0.839,0.37,0.025,0.935,0.739,1.0,0.924,0.874,0.73,0.323,0.405,0.418,0.286,0.425,0.886,0.769,0.708,0.386,0.554,0.314,0.585,0.641,0.347,0.618,0.637,0.774,0.799,0.822,0.545,0.646,0.815,0.629,0.385,0.75,0.637,0.627,0.348,0.776,0.786,0.638,0.867,0.663,0.838,0.5,0.232,0.611,0.545,0.579,0.89,0.595,0.387,0.331,0.763,0.423,0.806,0.655,0.212,0.527,0.471,0.657,0.592,0.894,0.454,0.587,0.541,0.676,0.741,0.672,0.401,0.687,0.743,0.897,0.667,0.91,0.812,0.586,0.659,0.517,0.831,0.657,0.904,0.725,0.745,0.628,0.749,0.624,0.706,0.698,
0.43,0.724,0.603,0.378,0.595,0.424,0.254,0.42,0.433,0.0,0.433,0.289,0.074,0.59,0.28,0.399,0.288,0.488,0.334,0.417,0.419,0.539,0.291,0.682,0.626,0.781,0.514,0.364,0.506,0.507,0.376,0.519,0.519,0.554,0.264,0.233,0.365,0.154,0.648,0.528,0.73,0.751,0.677,0.263,0.0,0.928,0.537,0.924,1.0,0.799,0.538,0.164,0.49,0.28,0.054,0.23,0.776,0.789,0.777,0.161,0.372,0.0,0.583,0.597,0.215,0.34,0.322,0.686,0.619,0.715,0.452,0.4,0.706,0.375,0.193,0.685,0.515,0.567,0.318,0.759,0.698,0.813,0.817,0.733,0.819,0.545,0.267,0.412,0.329,0.518,0.846,0.582,0.466,0.193,0.746,0.395,0.547,0.499,0.055,0.29,0.264,0.448,0.415,0.85,0.415,0.393,0.392,0.653,0.65,0.608,0.188,0.486,0.56,0.715,0.494,0.767,0.712,0.525,0.642,0.647,0.875,0.672,0.866,0.625,0.559,0.572,0.747,0.601,0.628,0.59,
0.653,0.854,0.757,0.719,0.605,0.679,0.577,0.746,0.612,0.0,0.654,0.527,0.306,0.687,0.463,0.726,0.715,0.755,0.674,0.567,0.713,0.843,0.611,0.878,0.802,0.807,0.824,0.647,0.655,0.759,0.439,0.715,0.661,0.755,0.75,0.515,0.696,0.512,0.916,0.836,0.972,0.729,0.822,0.613,0.5,0.83,0.779,0.874,0.799,1.0,0.72,0.412,0.601,0.482,0.313,0.678,0.851,0.849,0.64,0.456,0.539,0.341,0.788,0.885,0.543,0.65,0.609,0.833,0.774,0.864,0.806,0.812,0.847,0.809,0.522,0.915,0.895,0.795,0.565,0.933,0.851,0.531,0.892,0.571,0.908,0.449,0.399,0.669,0.5,0.478,0.847,0.743,0.514,0.429,0.773,0.473,0.776,0.861,0.508,0.518,0.694,0.579,0.782,0.813,0.622,0.827,0.753,0.731,0.79,0.785,0.643,0.735,0.792,0.866,0.823,0.913,0.92,0.487,0.614,0.513,0.732,0.652,0.829,0.783,0.779,0.583,0.71,0.698,0.819,0.8,
0.647,0.626,0.792,0.721,0.735,0.788,0.626,0.818,0.876,0.445,0.788,0.709,0.609,0.766,0.608,0.731,0.537,0.906,0.603,0.391,0.808,0.682,0.695,0.716,0.646,0.776,0.844,0.899,0.785,0.872,0.545,0.452,0.685,0.784,0.585,0.272,0.545,0.305,0.789,0.564,0.631,0.703,0.95,0.362,0.195,0.627,0.744,0.73,0.538,0.72,1.0,0.538,0.416,0.724,0.412,0.445,0.823,0.621,0.502,0.76,0.731,0.49,0.65,0.571,0.59,0.763,0.719,0.677,0.822,0.773,0.567,0.754,0.889,0.843,0.576,0.742,0.655,0.785,0.61,0.635,0.73,0.235,0.74,0.45,0.701,0.39,0.327,0.92,0.894,0.499,0.784,0.57,0.375,0.573,0.781,0.559,0.844,0.624,0.346,0.846,0.518,0.717,0.744,0.672,0.317,0.674,0.493,0.615,0.708,0.576,0.669,0.816,0.739,0.756,0.782,0.746,0.698,0.503,0.511,0.312,0.573,0.555,0.803,0.728,0.761,0.807,0.616,0.74,0.697,0.703,
0.62,0.21,0.575,0.236,0.574,0.305,0.615,0.815,0.322,0.131,0.396,0.506,0.64,0.808,0.732,0.549,0.317,0.663,0.448,0.313,0.569,0.428,0.539,0.314,0.438,0.458,0.625,0.618,0.837,0.576,0.601,0.191,0.668,0.475,0.52,0.137,0.183,0.271,0.545,0.226,0.349,0.704,0.441,0.277,0.358,0.146,0.556,0.323,0.164,0.412,0.538,1.0,0.415,0.814,0.462,0.163,0.635,0.468,0.411,0.689,0.767,0.562,0.255,0.342,0.418,0.726,0.487,0.447,0.61,0.563,0.306,0.478,0.506,0.619,0.723,0.453,0.478,0.374,0.445,0.356,0.575,0.201,0.372,0.279,0.545,0.545,0.403,0.646,0.465,0.592,0.576,0.529,0.546,0.97,0.294,0.343,0.563,0.267,0.364,0.491,0.257,0.448,0.419,0.249,0.192,0.327,0.21,0.644,0.44,0.5,0.428,0.621,0.455,0.445,0.703,0.45,0.331,0.781,0.667,0.296,0.21,0.333,0.542,0.584,0.604,0.503,0.697,0.347,0.718,0.315,
0.299,0.586,0.224,0.595,0.268,0.302,0.439,0.528,0.341,0.421,0.077,0.0,0.436,0.498,0.383,0.235,0.329,0.418,0.441,0.631,0.211,0.373,0.211,0.492,0.428,0.509,0.353,0.267,0.544,0.325,0.514,0.74,0.331,0.289,0.52,0.544,0.432,0.284,0.452,0.346,0.581,0.442,0.512,0.447,0.542,0.534,0.256,0.405,0.49,0.601,0.416,0.415,1.0,0.538,0.14,0.246,0.541,0.652,0.638,0.427,0.22,0.13,0.798,0.686,0.471,0.43,0.237,0.482,0.512,0.7,0.547,0.351,0.52,0.425,0.674,0.608,0.616,0.543,0.602,0.71,0.629,0.603,0.646,0.696,0.747,0.778,0.903,0.519,0.307,0.652,0.623,0.596,0.68,0.459,0.609,0.504,0.298,0.402,0.463,0.239,0.274,0.01,0.451,0.495,0.662,0.418,0.334,0.769,0.436,0.729,0.585,0.447,0.532,0.414,0.611,0.429,0.622,0.443,0.631,0.9,0.634,0.815,0.495,0.69,0.523,0.722,0.526,0.829,0.767,0.713,
0.502,0.298,0.454,0.422,0.682,0.445,0.449,0.813,0.45,0.274,0.465,0.513,0.677,0.771,0.567,0.436,0.26,0.698,0.449,0.383,0.588,0.483,0.49,0.376,0.466,0.537,0.685,0.723,0.76,0.668,0.698,0.245,0.693,0.491,0.446,0.175,0.18,0.287,0.552,0.248,0.404,0.634,0.645,0.367,0.341,0.241,0.512,0.418,0.28,0.482,0.724,0.814,0.538,1.0,0.47,0.159,0.749,0.517,0.279,0.891,0.637,0.53,0.403,0.448,0.571,0.653,0.506,0.582,0.658,0.555,0.308,0.508,0.57,0.685,0.75,0.532,0.57,0.611,0.721,0.479,0.628,0.345,0.434,0.238,0.532,0.504,0.434,0.791,0.645,0.694,0.736,0.533,0.623,0.801,0.554,0.415,0.557,0.278,0.34,0.632,0.234,0.252,0.43,0.3,0.261,0.372,0.221,0.688,0.417,0.447,0.487,0.67,0.422,0.533,0.616,0.53,0.447,0.704,0.784,0.403,0.237,0.37,0.568,0.481,0.562,0.758,0.551,0.557,0.669,0.463,
0.755,0.426,0.547,0.494,0.555,0.65,0.466,0.353,0.282,0.07,0.273,0.66,0.391,0.621,0.535,0.694,0.542,0.317,0.792,0.615,0.6,0.596,0.789,0.457,0.628,0.42,0.558,0.319,0.274,0.686,0.798,0.125,0.783,0.328,0.594,0.563,0.359,0.764,0.617,0.144,0.338,0.268,0.483,0.544,0.138,0.219,0.287,0.286,0.054,0.313,0.412,0.462,0.14,0.47,1.0,0.546,0.295,0.253,0.057,0.647,0.546,0.797,0.127,0.44,0.736,0.641,0.713,0.284,0.29,0.344,0.213,0.59,0.192,0.514,0.573,0.355,0.46,0.283,0.29,0.38,0.327,0.066,0.18,0.119,0.185,0.299,0.102,0.321,0.37,0.308,0.263,0.35,0.445,0.334,0.379,0.47,0.455,0.485,0.736,0.707,0.586,0.36,0.603,0.441,0.531,0.533,0.583,0.437,0.566,0.375,0.617,0.661,0.483,0.582,0.454,0.388,0.453,0.311,0.306,0.085,0.047,0.099,0.258,0.322,0.674,0.329,0.303,0.337,0.275,0.519,
0.686,0.749,0.57,0.789,0.26,0.694,0.636,0.493,0.432,0.0,0.517,0.545,0.318,0.362,0.351,0.77,0.964,0.472,0.804,0.622,0.612,0.851,0.726,0.766,0.746,0.434,0.666,0.379,0.247,0.62,0.288,0.604,0.443,0.507,0.9,0.793,0.827,0.866,0.738,0.761,0.758,0.243,0.538,0.846,0.602,0.415,0.588,0.425,0.23,0.678,0.445,0.163,0.246,0.159,0.546,1.0,0.322,0.308,0.171,0.387,0.3,0.56,0.56,0.781,0.721,0.566,0.655,0.574,0.361,0.545,0.729,0.896,0.395,0.715,0.395,0.724,0.831,0.602,0.462,0.658,0.539,0.0,0.411,0.148,0.442,0.056,0.099,0.344,0.31,0.084,0.272,0.306,0.108,0.154,0.427,0.234,0.562,0.944,0.853,0.463,0.986,0.469,0.869,0.511,0.722,0.909,0.968,0.244,0.534,0.633,0.775,0.672,0.726,0.677,0.645,0.639,0.785,0.086,0.105,0.04,0.242,0.215,0.306,0.447,0.567,0.184,0.22,0.38,0.447,0.726,
0.587,0.601,0.768,0.475,0.801,0.575,0.537,0.817,0.666,0.058,0.723,0.648,0.442,0.814,0.525,0.63,0.396,0.859,0.537,0.438,0.777,0.711,0.592,0.737,0.689,0.884,0.86,0.809,0.79,0.811,0.58,0.473,0.781,0.808,0.511,0.215,0.428,0.255,0.825,0.597,0.744,0.894,0.842,0.351,0.227,0.743,0.797,0.886,0.776,0.851,0.823,0.635,0.541,0.749,0.295,0.322,1.0,0.811,0.627,0.622,0.683,0.393,0.606,0.618,0.384,0.72,0.633,0.811,0.918,0.838,0.57,0.655,0.878,0.774,0.614,0.745,0.697,0.7,0.534,0.736,0.848,0.57,0.847,0.561,0.867,0.559,0.4,0.83,0.672,0.72,0.977,0.701,0.536,0.64,0.719,0.457,0.843,0.551,0.223,0.598,0.378,0.575,0.55,0.7,0.347,0.558,0.415,0.805,0.676,0.653,0.468,0.716,0.686,0.828,0.771,0.881,0.734,0.73,0.826,0.539,0.7,0.654,0.896,0.747,0.758,0.754,0.781,0.651,0.841,0.634,
0.451,0.634,0.62,0.52,0.603,0.525,0.303,0.611,0.49,0.0,0.403,0.296,0.115,0.681,0.45,0.516,0.367,0.621,0.454,0.327,0.525,0.503,0.368,0.593,0.524,0.687,0.609,0.572,0.675,0.608,0.463,0.518,0.638,0.597,0.485,0.206,0.384,0.186,0.769,0.55,0.788,0.657,0.717,0.247,0.366,0.759,0.518,0.769,0.789,0.849,0.621,0.468,0.652,0.517,0.253,0.308,0.811,1.0,0.657,0.366,0.588,0.132,0.661,0.709,0.35,0.502,0.383,0.565,0.701,0.714,0.608,0.483,0.838,0.629,0.492,0.693,0.638,0.609,0.383,0.825,0.656,0.582,0.899,0.605,0.84,0.527,0.535,0.633,0.422,0.42,0.836,0.955,0.796,0.447,0.756,0.676,0.599,0.557,0.274,0.495,0.324,0.454,0.546,0.751,0.389,0.592,0.421,0.886,0.858,0.559,0.476,0.515,0.523,0.639,0.68,0.664,0.653,0.431,0.616,0.602,0.717,0.68,0.828,0.766,0.773,0.582,0.772,0.722,0.716,0.582,
0.547,0.686,0.626,0.401,0.452,0.336,0.563,0.511,0.456,0.375,0.295,0.197,0.369,0.681,0.57,0.446,0.341,0.512,0.375,0.501,0.324,0.417,0.328,0.611,0.568,0.706,0.402,0.288,0.701,0.401,0.426,0.621,0.416,0.471,0.381,0.337,0.434,0.131,0.55,0.394,0.581,0.786,0.578,0.227,0.062,0.795,0.489,0.708,0.777,0.64,0.502,0.411,0.638,0.279,0.057,0.171,0.627,0.657,1.0,0.175,0.484,0.064,0.638,0.509,0.257,0.481,0.304,0.533,0.589,0.818,0.452,0.36,0.666,0.314,0.344,0.65,0.434,0.451,0.288,0.632,0.698,0.671,0.741,0.928,0.863,0.806,0.529,0.429,0.353,0.587,0.689,0.503,0.438,0.473,0.611,0.453,0.499,0.433,0.182,0.266,0.259,0.556,0.484,0.78,0.463,0.321,0.324,0.661,0.607,0.784,0.317,0.536,0.685,0.558,0.656,0.59,0.626,0.647,0.556,0.753,0.907,0.825,0.822,0.827,0.603,0.632,0.87,0.666,0.778,0.619,
0.603,0.371,0.525,0.616,0.54,0.709,0.524,0.732,0.494,0.323,0.442,0.637,0.641,0.726,0.458,0.623,0.471,0.639,0.576,0.499,0.708,0.604,0.69,0.457,0.614,0.512,0.704,0.685,0.669,0.791,0.672,0.181,0.661,0.417,0.594,0.388,0.257,0.505,0.617,0.206,0.373,0.506,0.729,0.514,0.302,0.243,0.446,0.386,0.161,0.456,0.76,0.689,0.427,0.891,0.647,0.387,0.622,0.366,0.175,1.0,0.523,0.791,0.347,0.533,0.756,0.776,0.72,0.483,0.562,0.52,0.248,0.656,0.499,0.752,0.811,0.538,0.61,0.554,0.669,0.513,0.511,0.198,0.37,0.127,0.409,0.352,0.349,0.737,0.62,0.56,0.601,0.382,0.441,0.706,0.623,0.299,0.576,0.444,0.525,0.685,0.474,0.307,0.611,0.373,0.437,0.56,0.389,0.506,0.442,0.449,0.662,0.82,0.517,0.634,0.586,0.504,0.513,0.568,0.622,0.272,0.14,0.272,0.448,0.488,0.599,0.668,0.4,0.604,0.547,0.594,
0.747,0.439,0.804,0.365,0.848,0.467,0.631,0.764,0.637,0.227,0.697,0.676,0.597,0.831,0.903,0.689,0.41,0.8,0.599,0.259,0.674,0.522,0.644,0.518,0.483,0.635,0.747,0.756,0.763,0.7,0.638,0.319,0.81,0.762,0.498,0.094,0.447,0.263,0.704,0.472,0.516,0.719,0.628,0.201,0.162,0.4,0.737,0.554,0.372,0.539,0.731,0.767,0.22,0.637,0.546,0.3,0.683,0.588,0.484,0.523,1.0,0.402,0.398,0.33,0.413,0.674,0.551,0.551,0.71,0.645,0.513,0.59,0.712,0.67,0.442,0.557,0.471,0.563,0.373,0.385,0.665,0.11,0.544,0.421,0.603,0.463,0.188,0.72,0.744,0.42,0.605,0.648,0.51,0.681,0.415,0.692,0.762,0.436,0.335,0.821,0.366,0.806,0.576,0.507,0.097,0.447,0.396,0.679,0.728,0.488,0.47,0.63,0.599,0.556,0.779,0.608,0.46,0.58,0.436,0.149,0.425,0.392,0.749,0.625,0.774,0.573,0.756,0.387,0.651,0.398,
0.69,0.312,0.604,0.482,0.365,0.719,0.611,0.484,0.349,0.025,0.367,0.779,0.435,0.585,0.344,0.781,0.587,0.448,0.696,0.581,0.776,0.679,0.878,0.499,0.698,0.464,0.651,0.462,0.401,0.777,0.589,0.042,0.65,0.356,0.667,0.544,0.306,0.698,0.624,0.138,0.277,0.381,0.536,0.55,0.159,0.192,0.396,0.314,0.0,0.341,0.49,0.562,0.13,0.53,0.797,0.56,0.393,0.132,0.064,0.791,0.402,1.0,0.08,0.435,0.647,0.842,0.883,0.306,0.422,0.419,0.153,0.685,0.256,0.651,0.755,0.357,0.503,0.202,0.266,0.371,0.333,0.0,0.215,0.023,0.227,0.209,0.149,0.445,0.365,0.407,0.318,0.162,0.139,0.538,0.347,0.072,0.578,0.508,0.634,0.532,0.634,0.384,0.597,0.358,0.521,0.59,0.503,0.28,0.375,0.419,0.645,0.767,0.563,0.666,0.498,0.447,0.46,0.445,0.397,0.06,0.019,0.115,0.223,0.423,0.602,0.296,0.248,0.332,0.375,0.529,
0.448,0.813,0.463,0.799,0.423,0.479,0.618,0.648,0.69,0.489,0.51,0.238,0.523,0.472,0.521,0.451,0.605,0.675,0.613,0.586,0.408,0.6,0.385,0.761,0.532,0.646,0.586,0.514,0.536,0.482,0.394,0.944,0.376,0.635,0.675,0.585,0.815,0.373,0.639,0.763,0.813,0.475,0.693,0.542,0.578,0.684,0.596,0.585,0.583,0.788,0.65,0.255,0.798,0.403,0.127,0.56,0.606,0.661,0.638,0.347,0.398,0.08,1.0,0.751,0.522,0.47,0.373,0.7,0.659,0.829,0.879,0.64,0.744,0.635,0.467,0.817,0.769,0.823,0.667,0.758,0.795,0.374,0.781,0.697,0.831,0.569,0.663,0.67,0.599,0.468,0.63,0.594,0.445,0.296,0.656,0.623,0.571,0.704,0.53,0.492,0.561,0.389,0.705,0.628,0.608,0.67,0.631,0.669,0.589,0.8,0.722,0.542,0.762,0.558,0.789,0.664,0.819,0.274,0.39,0.64,0.748,0.806,0.639,0.737,0.621,0.732,0.51,0.807,0.791,0.829,
0.654,0.871,0.562,0.85,0.369,0.714,0.514,0.641,0.386,0.08,0.359,0.342,0.299,0.61,0.364,0.671,0.823,0.519,0.689,0.695,0.547,0.802,0.566,0.765,0.817,0.584,0.655,0.408,0.55,0.652,0.45,0.701,0.528,0.448,0.838,0.741,0.65,0.722,0.814,0.693,0.901,0.503,0.721,0.815,0.661,0.664,0.524,0.641,0.597,0.885,0.571,0.342,0.686,0.448,0.44,0.781,0.618,0.709,0.509,0.533,0.33,0.435,0.751,1.0,0.783,0.58,0.544,0.692,0.496,0.724,0.702,0.795,0.612,0.725,0.578,0.9,0.937,0.751,0.673,0.97,0.702,0.517,0.69,0.442,0.75,0.408,0.445,0.484,0.288,0.369,0.664,0.638,0.568,0.379,0.795,0.387,0.521,0.89,0.747,0.415,0.8,0.335,0.85,0.731,0.845,0.873,0.839,0.616,0.709,0.78,0.736,0.766,0.708,0.772,0.712,0.728,0.899,0.378,0.534,0.522,0.529,0.518,0.609,0.672,0.672,0.492,0.559,0.735,0.698,0.856,
0.767,0.715,0.481,0.84,0.412,0.735,0.548,0.599,0.343,0.367,0.297,0.433,0.579,0.649,0.518,0.658,0.793,0.427,0.73,0.71,0.494,0.708,0.656,0.576,0.75,0.399,0.579,0.362,0.499,0.646,0.635,0.473,0.557,0.284,0.775,0.75,0.541,0.836,0.646,0.413,0.591,0.345,0.648,0.841,0.503,0.33,0.379,0.347,0.215,0.543,0.59,0.418,0.471,0.571,0.736,0.721,0.384,0.35,0.257,0.756,0.413,0.647,0.522,0.783,1.0,0.586,0.582,0.536,0.285,0.52,0.444,0.761,0.358,0.637,0.571,0.739,0.773,0.692,0.766,0.689,0.543,0.264,0.308,0.225,0.424,0.341,0.253,0.435,0.404,0.322,0.425,0.361,0.48,0.426,0.683,0.392,0.397,0.727,0.858,0.617,0.78,0.305,0.848,0.529,0.764,0.732,0.774,0.418,0.561,0.63,0.75,0.84,0.614,0.635,0.594,0.511,0.709,0.371,0.395,0.277,0.194,0.234,0.406,0.442,0.571,0.522,0.397,0.615,0.487,0.766,
0.776,0.539,0.845,0.624,0.586,0.774,0.837,0.758,0.696,0.213,0.623,0.832,0.586,0.789,0.611,0.897,0.643,0.799,0.795,0.623,0.914,0.777,0.921,0.747,0.772,0.777,0.853,0.739,0.717,0.907,0.657,0.387,0.774,0.706,0.785,0.52,0.553,0.549,0.841,0.428,0.558,0.694,0.786,0.484,0.258,0.53,0.691,0.618,0.34,0.65,0.763,0.726,0.43,0.653,0.641,0.566,0.72,0.502,0.481,0.776,0.674,0.842,0.47,0.58,0.586,1.0,0.933,0.545,0.802,0.796,0.501,0.802,0.687,0.846,0.862,0.612,0.665,0.455,0.367,0.588,0.663,0.163,0.645,0.435,0.654,0.507,0.461,0.775,0.655,0.614,0.637,0.493,0.319,0.722,0.545,0.386,0.864,0.651,0.584,0.69,0.647,0.666,0.742,0.616,0.532,0.715,0.556,0.624,0.642,0.694,0.788,0.859,0.833,0.811,0.839,0.699,0.681,0.611,0.56,0.356,0.466,0.557,0.607,0.814,0.867,0.605,0.59,0.623,0.753,0.726,
0.744,0.548,0.824,0.628,0.574,0.849,0.738,0.585,0.694,0.102,0.658,0.919,0.451,0.658,0.447,0.906,0.661,0.701,0.832,0.637,0.948,0.831,0.973,0.787,0.803,0.77,0.847,0.678,0.484,0.936,0.622,0.306,0.771,0.695,0.734,0.565,0.573,0.635,0.835,0.425,0.529,0.558,0.782,0.517,0.12,0.547,0.648,0.637,0.322,0.609,0.719,0.487,0.237,0.506,0.713,0.655,0.633,0.383,0.304,0.72,0.551,0.883,0.373,0.544,0.582,0.933,1.0,0.518,0.72,0.687,0.442,0.822,0.584,0.804,0.739,0.541,0.621,0.407,0.274,0.542,0.568,0.094,0.569,0.311,0.504,0.324,0.257,0.668,0.627,0.505,0.542,0.358,0.159,0.462,0.523,0.311,0.855,0.687,0.583,0.708,0.711,0.636,0.726,0.63,0.545,0.74,0.626,0.473,0.6,0.585,0.758,0.822,0.803,0.858,0.701,0.709,0.689,0.441,0.433,0.208,0.391,0.425,0.5,0.66,0.815,0.502,0.401,0.532,0.564,0.724,
0.677,0.77,0.641,0.543,0.735,0.44,0.634,0.789,0.547,0.091,0.763,0.58,0.605,0.679,0.565,0.565,0.618,0.756,0.637,0.617,0.615,0.845,0.559,0.826,0.766,0.773,0.828,0.613,0.594,0.656,0.526,0.71,0.661,0.766,0.619,0.484,0.682,0.539,0.744,0.818,0.846,0.779,0.689,0.695,0.41,0.644,0.874,0.774,0.686,0.833,0.677,0.447,0.482,0.582,0.284,0.574,0.811,0.565,0.533,0.483,0.551,0.306,0.7,0.692,0.536,0.545,0.518,1.0,0.729,0.807,0.729,0.774,0.66,0.691,0.397,0.876,0.837,0.864,0.75,0.715,0.954,0.534,0.628,0.5,0.801,0.487,0.196,0.623,0.581,0.656,0.806,0.43,0.343,0.449,0.58,0.327,0.729,0.7,0.447,0.497,0.603,0.492,0.634,0.602,0.52,0.584,0.685,0.591,0.487,0.79,0.46,0.709,0.754,0.796,0.755,0.941,0.862,0.663,0.699,0.433,0.606,0.509,0.758,0.534,0.563,0.659,0.64,0.477,0.805,0.701,
0.549,0.542,0.784,0.487,0.757,0.555,0.7,0.786,0.84,0.18,0.811,0.733,0.531,0.708,0.59,0.668,0.404,0.934,0.637,0.448,0.832,0.689,0.676,0.783,0.6,0.909,0.878,0.869,0.708,0.807,0.559,0.55,0.744,0.923,0.567,0.256,0.586,0.22,0.8,0.623,0.674,0.799,0.807,0.271,0.216,0.697,0.838,0.799,0.619,0.774,0.822,0.61,0.512,0.658,0.29,0.361,0.918,0.701,0.589,0.562,0.71,0.422,0.659,0.496,0.285,0.802,0.72,0.729,1.0,0.878,0.674,0.673,0.888,0.806,0.669,0.642,0.629,0.615,0.401,0.59,0.825,0.313,0.854,0.6,0.83,0.563,0.507,0.906,0.804,0.711,0.838,0.635,0.368,0.596,0.551,0.528,0.936,0.54,0.26,0.667,0.4,0.655,0.548,0.625,0.297,0.569,0.403,0.773,0.625,0.662,0.598,0.642,0.781,0.761,0.847,0.828,0.695,0.598,0.649,0.487,0.714,0.749,0.789,0.807,0.811,0.755,0.655,0.635,0.849,0.649,
0.733,0.822,0.805,0.685,0.666,0.613,0.832,0.791,0.753,0.343,0.669,0.598,0.617,0.787,0.686,0.733,0.639,0.838,0.752,0.714,0.716,0.791,0.697,0.905,0.791,0.914,0.812,0.657,0.754,0.755,0.621,0.791,0.692,0.808,0.737,0.578,0.754,0.458,0.845,0.698,0.817,0.834,0.826,0.54,0.341,0.821,0.802,0.822,0.715,0.864,0.773,0.563,0.7,0.555,0.344,0.545,0.838,0.714,0.818,0.52,0.645,0.419,0.829,0.724,0.52,0.796,0.687,0.807,0.878,1.0,0.764,0.763,0.838,0.746,0.658,0.846,0.779,0.719,0.544,0.782,0.928,0.502,0.867,0.808,0.953,0.744,0.593,0.765,0.674,0.732,0.824,0.606,0.438,0.586,0.687,0.548,0.84,0.73,0.507,0.59,0.605,0.66,0.751,0.803,0.63,0.677,0.634,0.784,0.703,0.928,0.701,0.783,0.939,0.83,0.927,0.87,0.888,0.664,0.659,0.675,0.852,0.857,0.845,0.915,0.836,0.792,0.784,0.775,0.951,0.867,
0.518,0.741,0.552,0.695,0.462,0.434,0.68,0.679,0.664,0.179,0.678,0.407,0.46,0.415,0.573,0.575,0.72,0.73,0.706,0.485,0.53,0.701,0.501,0.785,0.525,0.598,0.708,0.591,0.449,0.52,0.305,0.887,0.456,0.776,0.779,0.541,0.913,0.475,0.717,0.934,0.873,0.436,0.578,0.578,0.689,0.556,0.764,0.545,0.452,0.806,0.567,0.306,0.547,0.308,0.213,0.729,0.57,0.608,0.452,0.248,0.513,0.153,0.879,0.702,0.444,0.501,0.442,0.729,0.674,0.764,1.0,0.759,0.706,0.739,0.398,0.783,0.814,0.776,0.543,0.664,0.785,0.121,0.708,0.486,0.753,0.351,0.441,0.63,0.568,0.306,0.513,0.604,0.326,0.285,0.422,0.569,0.681,0.798,0.603,0.517,0.695,0.524,0.725,0.51,0.495,0.759,0.757,0.588,0.595,0.73,0.723,0.491,0.759,0.564,0.841,0.722,0.785,0.19,0.255,0.333,0.578,0.604,0.558,0.647,0.645,0.481,0.443,0.53,0.741,0.696,
0.83,0.779,0.797,0.81,0.563,0.799,0.793,0.789,0.663,0.124,0.76,0.77,0.562,0.664,0.569,0.901,0.925,0.783,0.855,0.643,0.844,0.955,0.869,0.873,0.861,0.687,0.908,0.701,0.584,0.857,0.489,0.608,0.682,0.746,0.921,0.675,0.809,0.778,0.897,0.799,0.823,0.583,0.783,0.794,0.528,0.545,0.825,0.646,0.4,0.812,0.754,0.478,0.351,0.508,0.59,0.896,0.655,0.483,0.36,0.656,0.59,0.685,0.64,0.795,0.761,0.802,0.822,0.774,0.673,0.763,0.759,1.0,0.667,0.911,0.591,0.856,0.908,0.765,0.618,0.736,0.768,0.137,0.601,0.295,0.657,0.258,0.198,0.671,0.61,0.377,0.588,0.452,0.239,0.481,0.598,0.346,0.821,0.933,0.76,0.68,0.93,0.669,0.925,0.63,0.646,0.919,0.898,0.469,0.655,0.748,0.816,0.879,0.865,0.855,0.846,0.841,0.872,0.421,0.407,0.17,0.407,0.383,0.598,0.647,0.747,0.488,0.49,0.537,0.695,0.804,
0.529,0.642,0.794,0.631,0.663,0.66,0.569,0.785,0.84,0.264,0.741,0.554,0.389,0.7,0.562,0.674,0.479,0.9,0.519,0.288,0.738,0.612,0.553,0.728,0.563,0.802,0.79,0.856,0.795,0.764,0.39,0.563,0.616,0.834,0.565,0.181,0.567,0.141,0.816,0.679,0.754,0.745,0.879,0.228,0.286,0.759,0.765,0.815,0.706,0.847,0.889,0.506,0.52,0.57,0.192,0.395,0.878,0.838,0.666,0.499,0.712,0.256,0.744,0.612,0.358,0.687,0.584,0.66,0.888,0.838,0.706,0.667,1.0,0.807,0.516,0.752,0.654,0.726,0.444,0.717,0.754,0.322,0.932,0.595,0.862,0.442,0.463,0.882,0.762,0.448,0.837,0.774,0.463,0.539,0.74,0.617,0.845,0.636,0.234,0.68,0.438,0.735,0.673,0.731,0.273,0.675,0.453,0.741,0.799,0.61,0.602,0.654,0.722,0.71,0.829,0.766,0.701,0.452,0.505,0.434,0.752,0.715,0.885,0.855,0.801,0.71,0.726,0.743,0.787,0.651,
0.674,0.604,0.769,0.751,0.598,0.783,0.703,0.868,0.743,0.11,0.777,0.757,0.518,0.679,0.546,0.842,0.744,0.891,0.749,0.452,0.898,0.828,0.8,0.76,0.7,0.687,0.935,0.888,0.696,0.892,0.472,0.504,0.707,0.798,0.845,0.442,0.664,0.544,0.891,0.725,0.764,0.595,0.827,0.574,0.559,0.494,0.803,0.629,0.375,0.809,0.843,0.619,0.425,0.685,0.514,0.715,0.774,0.629,0.314,0.752,0.67,0.651,0.635,0.725,0.637,0.846,0.804,0.691,0.806,0.746,0.739,0.911,0.807,1.0,0.725,0.767,0.849,0.736,0.585,0.704,0.721,0.08,0.706,0.246,0.68,0.249,0.359,0.865,0.715,0.406,0.683,0.643,0.377,0.618,0.613,0.444,0.869,0.798,0.606,0.742,0.743,0.633,0.821,0.546,0.453,0.88,0.691,0.609,0.691,0.615,0.824,0.804,0.757,0.782,0.866,0.778,0.75,0.413,0.477,0.197,0.386,0.442,0.629,0.71,0.8,0.563,0.502,0.608,0.732,0.704,
0.522,0.376,0.505,0.572,0.399,0.597,0.646,0.657,0.477,0.224,0.306,0.546,0.531,0.652,0.442,0.62,0.449,0.605,0.671,0.634,0.686,0.577,0.689,0.534,0.582,0.593,0.653,0.572,0.611,0.713,0.676,0.371,0.637,0.45,0.701,0.531,0.37,0.481,0.648,0.223,0.433,0.493,0.625,0.463,0.426,0.352,0.404,0.385,0.193,0.522,0.576,0.723,0.674,0.75,0.573,0.395,0.614,0.492,0.344,0.811,0.442,0.755,0.467,0.578,0.571,0.862,0.739,0.397,0.669,0.658,0.398,0.591,0.516,0.725,1.0,0.469,0.617,0.358,0.439,0.563,0.534,0.238,0.542,0.364,0.56,0.58,0.728,0.706,0.48,0.68,0.574,0.524,0.509,0.717,0.49,0.369,0.6,0.452,0.596,0.511,0.452,0.236,0.553,0.41,0.582,0.58,0.373,0.693,0.469,0.605,0.775,0.686,0.617,0.609,0.697,0.481,0.549,0.539,0.644,0.544,0.328,0.574,0.392,0.705,0.73,0.622,0.431,0.682,0.707,0.667,
0.766,0.915,0.708,0.803,0.58,0.659,0.665,0.818,0.564,0.237,0.621,0.465,0.538,0.738,0.596,0.708,0.819,0.729,0.681,0.637,0.606,0.845,0.597,0.838,0.834,0.702,0.776,0.582,0.721,0.696,0.474,0.771,0.591,0.654,0.796,0.615,0.739,0.623,0.836,0.824,0.932,0.717,0.794,0.764,0.564,0.708,0.769,0.75,0.685,0.915,0.742,0.453,0.608,0.532,0.355,0.724,0.745,0.693,0.65,0.538,0.557,0.357,0.817,0.9,0.739,0.612,0.541,0.876,0.642,0.846,0.783,0.856,0.752,0.767,0.469,1.0,0.932,0.911,0.777,0.9,0.886,0.509,0.725,0.55,0.86,0.478,0.33,0.625,0.523,0.466,0.77,0.589,0.478,0.5,0.784,0.439,0.676,0.879,0.628,0.542,0.771,0.577,0.874,0.754,0.686,0.803,0.822,0.621,0.711,0.858,0.66,0.834,0.816,0.808,0.836,0.864,0.931,0.553,0.578,0.47,0.644,0.561,0.802,0.716,0.68,0.637,0.722,0.691,0.82,0.835,
0.717,0.828,0.624,0.813,0.502,0.664,0.666,0.803,0.499,0.077,0.589,0.516,0.504,0.648,0.5,0.723,0.864,0.696,0.768,0.686,0.665,0.897,0.662,0.823,0.822,0.638,0.817,0.586,0.603,0.721,0.487,0.742,0.613,0.632,0.901,0.709,0.755,0.753,0.849,0.825,0.925,0.582,0.725,0.863,0.731,0.574,0.734,0.637,0.515,0.895,0.655,0.478,0.616,0.57,0.46,0.831,0.697,0.638,0.434,0.61,0.471,0.503,0.769,0.937,0.773,0.665,0.621,0.837,0.629,0.779,0.814,0.908,0.654,0.849,0.617,0.932,1.0,0.845,0.77,0.883,0.828,0.383,0.657,0.373,0.767,0.384,0.381,0.621,0.458,0.456,0.688,0.587,0.472,0.494,0.673,0.371,0.669,0.905,0.769,0.516,0.847,0.427,0.861,0.618,0.751,0.881,0.872,0.61,0.634,0.813,0.769,0.803,0.779,0.8,0.825,0.832,0.916,0.465,0.569,0.408,0.469,0.478,0.62,0.645,0.681,0.539,0.549,0.629,0.785,0.829,
0.604,0.789,0.546,0.761,0.641,0.552,0.535,0.802,0.626,0.355,0.689,0.416,0.614,0.623,0.587,0.524,0.664,0.749,0.585,0.479,0.514,0.716,0.457,0.713,0.628,0.603,0.738,0.663,0.634,0.615,0.448,0.735,0.532,0.668,0.645,0.446,0.697,0.481,0.697,0.81,0.832,0.58,0.757,0.657,0.553,0.555,0.737,0.627,0.567,0.795,0.785,0.374,0.543,0.611,0.283,0.602,0.7,0.609,0.451,0.554,0.563,0.202,0.823,0.751,0.692,0.455,0.407,0.864,0.615,0.719,0.776,0.765,0.726,0.736,0.358,0.911,0.845,1.0,0.884,0.746,0.84,0.371,0.623,0.415,0.729,0.361,0.264,0.7,0.676,0.412,0.716,0.544,0.46,0.401,0.72,0.524,0.615,0.733,0.516,0.642,0.624,0.474,0.756,0.571,0.478,0.685,0.698,0.57,0.594,0.682,0.599,0.699,0.671,0.652,0.745,0.775,0.81,0.418,0.49,0.352,0.52,0.465,0.72,0.53,0.553,0.708,0.558,0.635,0.708,0.72,
0.505,0.604,0.274,0.659,0.468,0.385,0.45,0.748,0.351,0.41,0.422,0.244,0.714,0.56,0.491,0.324,0.548,0.549,0.459,0.519,0.318,0.577,0.323,0.483,0.532,0.379,0.56,0.472,0.578,0.446,0.478,0.604,0.399,0.369,0.567,0.479,0.48,0.516,0.468,0.549,0.611,0.452,0.563,0.726,0.615,0.267,0.511,0.348,0.318,0.565,0.61,0.445,0.602,0.721,0.29,0.462,0.534,0.383,0.288,0.669,0.373,0.266,0.667,0.673,0.766,0.367,0.274,0.75,0.401,0.544,0.543,0.618,0.444,0.585,0.439,0.777,0.77,0.884,1.0,0.618,0.712,0.391,0.333,0.25,0.543,0.384,0.303,0.562,0.496,0.484,0.587,0.337,0.467,0.492,0.6,0.315,0.354,0.531,0.551,0.461,0.503,0.142,0.605,0.314,0.514,0.499,0.547,0.453,0.312,0.611,0.515,0.652,0.487,0.48,0.58,0.567,0.651,0.491,0.568,0.382,0.261,0.306,0.485,0.336,0.331,0.673,0.416,0.55,0.623,0.619,
0.633,0.877,0.629,0.794,0.465,0.72,0.469,0.644,0.444,0.076,0.392,0.357,0.248,0.678,0.366,0.659,0.715,0.565,0.634,0.653,0.576,0.773,0.539,0.784,0.819,0.692,0.671,0.458,0.619,0.688,0.481,0.674,0.583,0.507,0.74,0.629,0.583,0.59,0.844,0.664,0.91,0.622,0.794,0.689,0.522,0.795,0.548,0.776,0.759,0.933,0.635,0.356,0.71,0.479,0.38,0.658,0.736,0.825,0.632,0.513,0.385,0.371,0.758,0.97,0.689,0.588,0.542,0.715,0.59,0.782,0.664,0.736,0.717,0.704,0.563,0.9,0.883,0.746,0.618,1.0,0.739,0.646,0.808,0.56,0.837,0.491,0.473,0.539,0.337,0.449,0.792,0.717,0.628,0.397,0.877,0.444,0.578,0.834,0.598,0.434,0.689,0.393,0.796,0.833,0.78,0.814,0.746,0.71,0.779,0.777,0.659,0.761,0.711,0.82,0.713,0.781,0.902,0.459,0.629,0.619,0.67,0.621,0.745,0.745,0.723,0.577,0.674,0.796,0.742,0.849,
0.734,0.802,0.716,0.595,0.764,0.468,0.764,0.844,0.647,0.247,0.737,0.582,0.694,0.777,0.718,0.626,0.619,0.828,0.713,0.681,0.643,0.816,0.614,0.861,0.766,0.85,0.838,0.651,0.714,0.689,0.631,0.795,0.714,0.816,0.683,0.525,0.738,0.503,0.79,0.784,0.849,0.844,0.74,0.635,0.419,0.708,0.876,0.786,0.698,0.851,0.73,0.575,0.629,0.628,0.327,0.539,0.848,0.656,0.698,0.511,0.665,0.333,0.795,0.702,0.543,0.663,0.568,0.954,0.825,0.928,0.785,0.768,0.754,0.721,0.534,0.886,0.828,0.84,0.712,0.739,1.0,0.538,0.737,0.683,0.908,0.679,0.417,0.718,0.662,0.747,0.839,0.546,0.451,0.572,0.611,0.493,0.788,0.695,0.496,0.571,0.584,0.576,0.685,0.678,0.562,0.599,0.659,0.741,0.593,0.893,0.574,0.745,0.853,0.796,0.882,0.922,0.879,0.721,0.724,0.581,0.735,0.699,0.829,0.722,0.706,0.772,0.76,0.616,0.929,0.777,
0.311,0.543,0.257,0.192,0.402,0.171,0.074,0.261,0.0,0.0,0.0,0.0,0.091,0.533,0.146,0.107,0.088,0.142,0.163,0.513,0.101,0.337,0.069,0.397,0.527,0.533,0.224,0.0,0.397,0.247,0.462,0.368,0.383,0.131,0.103,0.286,0.051,0.189,0.36,0.161,0.479,0.622,0.404,0.323,0.0,0.667,0.19,0.638,0.813,0.531,0.235,0.201,0.603,0.345,0.066,0.0,0.57,0.582,0.671,0.198,0.11,0.0,0.374,0.517,0.264,0.163,0.094,0.534,0.313,0.502,0.121,0.137,0.322,0.08,0.238,0.509,0.383,0.371,0.391,0.646,0.538,1.0,0.491,0.64,0.626,0.671,0.328,0.132,0.0,0.636,0.716,0.376,0.573,0.237,0.628,0.182,0.163,0.22,0.068,0.0,0.055,0.0,0.178,0.624,0.51,0.103,0.191,0.577,0.353,0.543,0.0,0.383,0.309,0.514,0.243,0.512,0.528,0.646,0.79,0.795,0.647,0.529,0.62,0.392,0.299,0.515,0.649,0.505,0.516,0.466,
0.473,0.715,0.733,0.625,0.578,0.633,0.516,0.628,0.744,0.16,0.585,0.458,0.226,0.631,0.432,0.625,0.457,0.758,0.556,0.435,0.67,0.62,0.517,0.787,0.61,0.85,0.706,0.671,0.656,0.705,0.419,0.647,0.598,0.761,0.563,0.326,0.585,0.196,0.82,0.647,0.803,0.701,0.834,0.266,0.27,0.893,0.653,0.867,0.817,0.892,0.74,0.372,0.646,0.434,0.18,0.411,0.847,0.899,0.741,0.37,0.544,0.215,0.781,0.69,0.308,0.645,0.569,0.628,0.854,0.867,0.708,0.601,0.932,0.706,0.542,0.725,0.657,0.623,0.333,0.808,0.737,0.491,1.0,0.728,0.908,0.552,0.592,0.748,0.591,0.509,0.838,0.8,0.517,0.394,0.757,0.612,0.777,0.653,0.272,0.536,0.434,0.598,0.625,0.83,0.449,0.671,0.482,0.808,0.808,0.681,0.601,0.585,0.74,0.746,0.775,0.77,0.768,0.41,0.548,0.631,0.872,0.844,0.845,0.892,0.823,0.675,0.707,0.804,0.79,0.733,
0.466,0.684,0.524,0.41,0.489,0.289,0.55,0.378,0.52,0.464,0.272,0.196,0.395,0.581,0.557,0.354,0.255,0.459,0.469,0.61,0.277,0.382,0.322,0.641,0.501,0.747,0.362,0.229,0.512,0.362,0.547,0.707,0.44,0.496,0.334,0.424,0.514,0.147,0.494,0.353,0.534,0.655,0.55,0.207,0.0,0.81,0.412,0.663,0.733,0.571,0.45,0.279,0.696,0.238,0.119,0.148,0.561,0.605,0.928,0.127,0.421,0.023,0.697,0.442,0.225,0.435,0.311,0.5,0.6,0.808,0.486,0.295,0.595,0.246,0.364,0.55,0.373,0.415,0.25,0.56,0.683,0.64,0.728,1.0,0.805,0.885,0.637,0.423,0.424,0.665,0.624,0.47,0.442,0.293,0.55,0.592,0.479,0.366,0.22,0.328,0.204,0.437,0.411,0.757,0.505,0.261,0.305,0.711,0.557,0.771,0.374,0.429,0.694,0.516,0.614,0.548,0.626,0.524,0.505,0.842,0.942,0.922,0.718,0.775,0.619,0.715,0.725,0.707,0.73,0.673,
0.626,0.796,0.728,0.602,0.623,0.503,0.669,0.777,0.628,0.223,0.579,0.42,0.467,0.759,0.613,0.612,0.549,0.777,0.593,0.582,0.594,0.694,0.512,0.812,0.709,0.844,0.728,0.602,0.783,0.645,0.509,0.776,0.618,0.737,0.644,0.444,0.641,0.328,0.801,0.71,0.859,0.849,0.765,0.463,0.401,0.835,0.753,0.838,0.819,0.908,0.701,0.545,0.747,0.532,0.185,0.442,0.867,0.84,0.863,0.409,0.603,0.227,0.831,0.75,0.424,0.654,0.504,0.801,0.83,0.953,0.753,0.657,0.862,0.68,0.56,0.86,0.767,0.729,0.543,0.837,0.908,0.626,0.908,0.805,1.0,0.724,0.594,0.704,0.545,0.669,0.88,0.718,0.556,0.579,0.714,0.536,0.74,0.678,0.386,0.46,0.492,0.582,0.665,0.791,0.558,0.619,0.558,0.827,0.721,0.874,0.564,0.682,0.813,0.76,0.869,0.843,0.842,0.661,0.705,0.72,0.877,0.845,0.896,0.889,0.765,0.732,0.854,0.754,0.948,0.771,
0.51,0.536,0.421,0.321,0.536,0.199,0.57,0.465,0.352,0.449,0.154,0.213,0.571,0.691,0.639,0.302,0.183,0.421,0.498,0.7,0.261,0.358,0.349,0.509,0.492,0.67,0.368,0.21,0.575,0.363,0.756,0.595,0.549,0.382,0.352,0.452,0.36,0.245,0.434,0.172,0.414,0.669,0.46,0.292,0.092,0.585,0.339,0.5,0.545,0.449,0.39,0.545,0.778,0.504,0.299,0.056,0.559,0.527,0.806,0.352,0.463,0.209,0.569,0.408,0.341,0.507,0.324,0.487,0.563,0.744,0.351,0.258,0.442,0.249,0.58,0.478,0.384,0.361,0.384,0.491,0.679,0.671,0.552,0.885,0.724,1.0,0.718,0.435,0.383,0.848,0.625,0.446,0.599,0.527,0.464,0.548,0.4,0.225,0.325,0.33,0.132,0.245,0.331,0.58,0.537,0.157,0.216,0.786,0.435,0.762,0.38,0.478,0.605,0.469,0.603,0.473,0.538,0.718,0.707,0.888,0.736,0.827,0.613,0.689,0.594,0.767,0.724,0.656,0.769,0.617,
0.134,0.338,0.163,0.465,0.132,0.237,0.429,0.385,0.391,0.451,0.0,0.0,0.353,0.348,0.322,0.189,0.158,0.374,0.379,0.482,0.206,0.179,0.198,0.35,0.211,0.425,0.243,0.265,0.439,0.259,0.431,0.587,0.24,0.256,0.427,0.408,0.342,0.091,0.33,0.151,0.345,0.28,0.396,0.172,0.415,0.398,0.121,0.232,0.267,0.399,0.327,0.403,0.903,0.434,0.102,0.099,0.4,0.535,0.529,0.349,0.188,0.149,0.663,0.445,0.253,0.461,0.257,0.196,0.507,0.593,0.441,0.198,0.463,0.359,0.728,0.33,0.381,0.264,0.303,0.473,0.417,0.328,0.592,0.637,0.594,0.718,1.0,0.525,0.318,0.568,0.431,0.546,0.55,0.428,0.4,0.516,0.28,0.22,0.35,0.223,0.118,0.0,0.303,0.344,0.48,0.31,0.121,0.706,0.354,0.557,0.596,0.272,0.446,0.24,0.542,0.213,0.398,0.273,0.436,0.809,0.546,0.823,0.315,0.695,0.521,0.622,0.363,0.76,0.649,0.568,
0.492,0.458,0.677,0.613,0.685,0.622,0.644,0.848,0.874,0.396,0.767,0.66,0.634,0.681,0.604,0.624,0.41,0.946,0.574,0.329,0.783,0.586,0.623,0.636,0.481,0.737,0.831,0.95,0.766,0.794,0.524,0.479,0.652,0.819,0.577,0.196,0.525,0.186,0.72,0.546,0.575,0.649,0.837,0.259,0.328,0.503,0.735,0.611,0.412,0.669,0.92,0.646,0.519,0.791,0.321,0.344,0.83,0.633,0.429,0.737,0.72,0.445,0.67,0.484,0.435,0.775,0.668,0.623,0.906,0.765,0.63,0.671,0.882,0.865,0.706,0.625,0.621,0.7,0.562,0.539,0.718,0.132,0.748,0.423,0.704,0.435,0.525,1.0,0.903,0.576,0.754,0.632,0.41,0.657,0.604,0.581,0.843,0.501,0.309,0.783,0.391,0.591,0.605,0.487,0.222,0.601,0.356,0.702,0.601,0.539,0.694,0.667,0.678,0.63,0.817,0.672,0.597,0.479,0.538,0.364,0.523,0.626,0.698,0.739,0.749,0.804,0.541,0.701,0.762,0.616,
0.51,0.449,0.651,0.557,0.756,0.564,0.638,0.698,0.932,0.55,0.825,0.703,0.709,0.598,0.674,0.565,0.355,0.878,0.592,0.317,0.702,0.526,0.619,0.617,0.411,0.706,0.758,0.871,0.593,0.724,0.557,0.452,0.629,0.829,0.443,0.176,0.581,0.176,0.606,0.499,0.446,0.546,0.775,0.196,0.093,0.454,0.709,0.545,0.329,0.5,0.894,0.465,0.307,0.645,0.37,0.31,0.672,0.422,0.353,0.62,0.744,0.365,0.599,0.288,0.404,0.655,0.627,0.581,0.804,0.674,0.568,0.61,0.762,0.715,0.48,0.523,0.458,0.676,0.496,0.337,0.662,0.0,0.591,0.424,0.545,0.383,0.318,0.903,1.0,0.5,0.592,0.427,0.234,0.443,0.496,0.644,0.806,0.421,0.262,0.884,0.353,0.66,0.555,0.454,0.119,0.469,0.345,0.548,0.525,0.457,0.609,0.592,0.667,0.551,0.716,0.609,0.526,0.364,0.338,0.215,0.489,0.536,0.628,0.581,0.668,0.8,0.427,0.579,0.596,0.562,
0.475,0.429,0.442,0.26,0.639,0.246,0.58,0.572,0.42,0.271,0.386,0.472,0.644,0.68,0.494,0.334,0.16,0.559,0.508,0.696,0.478,0.517,0.469,0.573,0.569,0.765,0.573,0.417,0.549,0.527,0.761,0.47,0.642,0.517,0.342,0.395,0.312,0.287,0.478,0.222,0.399,0.744,0.534,0.367,0.06,0.526,0.506,0.579,0.518,0.478,0.499,0.592,0.652,0.694,0.308,0.084,0.72,0.42,0.587,0.56,0.42,0.407,0.468,0.369,0.322,0.614,0.505,0.656,0.711,0.732,0.306,0.377,0.448,0.406,0.68,0.466,0.456,0.412,0.484,0.449,0.747,0.636,0.509,0.665,0.669,0.848,0.568,0.576,0.5,1.0,0.739,0.301,0.417,0.581,0.428,0.304,0.557,0.216,0.249,0.358,0.155,0.193,0.264,0.463,0.466,0.172,0.195,0.702,0.259,0.696,0.35,0.554,0.606,0.61,0.577,0.632,0.568,0.827,0.874,0.764,0.604,0.699,0.575,0.564,0.531,0.802,0.589,0.549,0.771,0.593,
0.564,0.652,0.698,0.491,0.767,0.553,0.457,0.765,0.581,0.107,0.602,0.522,0.41,0.819,0.483,0.551,0.363,0.765,0.483,0.481,0.667,0.667,0.501,0.706,0.698,0.858,0.771,0.696,0.782,0.745,0.598,0.496,0.734,0.698,0.459,0.248,0.373,0.253,0.778,0.54,0.744,0.887,0.834,0.376,0.209,0.784,0.7,0.89,0.846,0.847,0.784,0.576,0.623,0.736,0.263,0.272,0.977,0.836,0.689,0.601,0.605,0.318,0.63,0.664,0.425,0.637,0.542,0.806,0.838,0.824,0.513,0.588,0.837,0.683,0.574,0.77,0.688,0.716,0.587,0.792,0.839,0.716,0.838,0.624,0.88,0.625,0.431,0.754,0.592,0.739,1.0,0.697,0.614,0.597,0.8,0.459,0.735,0.525,0.213,0.532,0.335,0.481,0.531,0.747,0.417,0.511,0.398,0.82,0.672,0.674,0.417,0.71,0.646,0.81,0.71,0.851,0.749,0.75,0.873,0.649,0.743,0.681,0.913,0.729,0.71,0.79,0.812,0.712,0.828,0.663,
0.424,0.514,0.56,0.501,0.568,0.493,0.283,0.593,0.46,0.0,0.352,0.28,0.12,0.635,0.507,0.506,0.349,0.592,0.473,0.24,0.5,0.417,0.367,0.475,0.4,0.556,0.571,0.583,0.634,0.573,0.47,0.445,0.638,0.556,0.507,0.16,0.359,0.185,0.724,0.491,0.705,0.516,0.629,0.193,0.45,0.58,0.446,0.595,0.582,0.743,0.57,0.529,0.596,0.533,0.35,0.306,0.701,0.955,0.503,0.382,0.648,0.162,0.594,0.638,0.361,0.493,0.358,0.43,0.635,0.606,0.604,0.452,0.774,0.643,0.524,0.589,0.587,0.544,0.337,0.717,0.546,0.376,0.8,0.47,0.718,0.446,0.546,0.632,0.427,0.301,0.697,1.0,0.844,0.469,0.638,0.762,0.549,0.504,0.343,0.562,0.307,0.427,0.531,0.613,0.304,0.59,0.391,0.877,0.86,0.447,0.534,0.445,0.436,0.513,0.67,0.527,0.531,0.31,0.489,0.47,0.547,0.577,0.702,0.707,0.782,0.5,0.682,0.653,0.637,0.488,
0.393,0.428,0.298,0.384,0.524,0.309,0.125,0.462,0.138,0.099,0.021,0.059,0.203,0.653,0.491,0.265,0.183,0.312,0.374,0.357,0.218,0.257,0.195,0.256,0.342,0.38,0.341,0.284,0.552,0.379,0.649,0.341,0.594,0.224,0.345,0.215,0.123,0.246,0.497,0.184,0.507,0.427,0.451,0.262,0.386,0.395,0.163,0.387,0.466,0.514,0.375,0.546,0.68,0.623,0.445,0.108,0.536,0.796,0.438,0.441,0.51,0.139,0.445,0.568,0.48,0.319,0.159,0.343,0.368,0.438,0.326,0.239,0.463,0.377,0.509,0.478,0.472,0.46,0.467,0.628,0.451,0.573,0.517,0.442,0.556,0.599,0.55,0.41,0.234,0.417,0.614,0.844,1.0,0.472,0.605,0.705,0.23,0.271,0.375,0.436,0.132,0.094,0.368,0.482,0.388,0.33,0.254,0.85,0.672,0.403,0.375,0.397,0.243,0.364,0.464,0.336,0.405,0.427,0.617,0.601,0.386,0.458,0.556,0.49,0.594,0.539,0.644,0.608,0.529,0.418,
0.583,0.229,0.559,0.285,0.47,0.332,0.621,0.842,0.331,0.208,0.374,0.442,0.645,0.788,0.659,0.533,0.341,0.669,0.364,0.291,0.543,0.416,0.492,0.311,0.451,0.439,0.592,0.615,0.897,0.554,0.493,0.207,0.552,0.424,0.52,0.138,0.164,0.223,0.516,0.225,0.345,0.726,0.474,0.286,0.373,0.17,0.545,0.331,0.193,0.429,0.573,0.97,0.459,0.801,0.334,0.154,0.64,0.447,0.473,0.706,0.681,0.538,0.296,0.379,0.426,0.722,0.462,0.449,0.596,0.586,0.285,0.481,0.539,0.618,0.717,0.5,0.494,0.401,0.492,0.397,0.572,0.237,0.394,0.293,0.579,0.527,0.428,0.657,0.443,0.581,0.597,0.469,0.472,1.0,0.359,0.234,0.536,0.286,0.318,0.409,0.265,0.441,0.444,0.262,0.214,0.343,0.189,0.576,0.396,0.529,0.421,0.657,0.468,0.443,0.695,0.443,0.349,0.799,0.671,0.33,0.244,0.358,0.562,0.623,0.542,0.52,0.703,0.405,0.741,0.343,
0.565,0.778,0.613,0.78,0.529,0.8,0.335,0.57,0.546,0.331,0.37,0.359,0.275,0.708,0.342,0.584,0.52,0.55,0.491,0.518,0.546,0.609,0.485,0.656,0.719,0.678,0.586,0.511,0.654,0.713,0.521,0.47,0.558,0.433,0.513,0.433,0.389,0.388,0.736,0.426,0.698,0.599,0.896,0.468,0.206,0.783,0.414,0.763,0.746,0.773,0.781,0.294,0.609,0.554,0.379,0.427,0.719,0.756,0.611,0.623,0.415,0.347,0.656,0.795,0.683,0.545,0.523,0.58,0.551,0.687,0.422,0.598,0.74,0.613,0.49,0.784,0.673,0.72,0.6,0.877,0.611,0.628,0.757,0.55,0.714,0.464,0.4,0.604,0.496,0.428,0.8,0.638,0.605,0.359,1.0,0.508,0.532,0.649,0.39,0.577,0.494,0.422,0.721,0.851,0.602,0.666,0.534,0.646,0.775,0.6,0.567,0.768,0.608,0.757,0.575,0.657,0.762,0.436,0.584,0.577,0.657,0.583,0.782,0.69,0.677,0.72,0.647,0.879,0.594,0.786,
0.44,0.52,0.467,0.521,0.65,0.413,0.366,0.411,0.61,0.439,0.357,0.284,0.367,0.544,0.699,0.396,0.261,0.517,0.578,0.338,0.348,0.288,0.369,0.45,0.267,0.528,0.44,0.469,0.429,0.46,0.641,0.528,0.606,0.551,0.382,0.24,0.502,0.184,0.541,0.367,0.497,0.329,0.566,0.12,0.2,0.498,0.342,0.423,0.395,0.473,0.559,0.343,0.504,0.415,0.47,0.234,0.457,0.676,0.453,0.299,0.692,0.072,0.623,0.387,0.392,0.386,0.311,0.327,0.528,0.548,0.569,0.346,0.617,0.444,0.369,0.439,0.371,0.524,0.315,0.444,0.493,0.182,0.612,0.592,0.536,0.548,0.516,0.581,0.644,0.304,0.459,0.762,0.705,0.234,0.508,1.0,0.475,0.362,0.384,0.767,0.233,0.45,0.491,0.556,0.254,0.406,0.352,0.777,0.761,0.417,0.565,0.349,0.477,0.351,0.603,0.371,0.446,0.147,0.229,0.429,0.55,0.611,0.57,0.582,0.735,0.645,0.515,0.641,0.489,0.514,
0.709,0.605,0.912,0.557,0.766,0.699,0.772,0.77,0.861,0.115,0.903,0.892,0.518,0.719,0.621,0.848,0.591,0.933,0.751,0.471,0.943,0.816,0.847,0.854,0.717,0.892,0.951,0.877,0.656,0.905,0.541,0.489,0.797,0.956,0.674,0.343,0.679,0.401,0.886,0.689,0.7,0.763,0.833,0.381,0.185,0.675,0.904,0.806,0.547,0.776,0.844,0.563,0.298,0.557,0.455,0.562,0.843,0.599,0.499,0.576,0.762,0.578,0.571,0.521,0.397,0.864,0.855,0.729,0.936,0.84,0.681,0.821,0.845,0.869,0.6,0.676,0.669,0.615,0.354,0.578,0.788,0.163,0.777,0.479,0.74,0.4,0.28,0.843,0.806,0.557,0.735,0.549,0.23,0.536,0.532,0.475,1.0,0.689,0.387,0.757,0.604,0.815,0.692,0.669,0.337,0.7,0.582,0.63,0.686,0.65,0.658,0.746,0.85,0.845,0.858,0.87,0.738,0.529,0.503,0.26,0.614,0.584,0.756,0.763,0.848,0.623,0.61,0.535,0.755,0.67,
0.754,0.88,0.726,0.856,0.406,0.784,0.673,0.634,0.562,0.068,0.602,0.566,0.339,0.547,0.443,0.839,0.959,0.625,0.798,0.635,0.694,0.9,0.739,0.871,0.841,0.618,0.762,0.512,0.474,0.73,0.354,0.691,0.543,0.63,0.907,0.737,0.836,0.772,0.872,0.835,0.897,0.476,0.728,0.798,0.569,0.646,0.699,0.655,0.499,0.861,0.624,0.267,0.402,0.278,0.485,0.944,0.551,0.557,0.433,0.444,0.436,0.508,0.704,0.89,0.727,0.651,0.687,0.7,0.54,0.73,0.798,0.933,0.636,0.798,0.452,0.879,0.905,0.733,0.531,0.834,0.695,0.22,0.653,0.366,0.678,0.225,0.22,0.501,0.421,0.216,0.525,0.504,0.271,0.286,0.649,0.362,0.689,1.0,0.769,0.536,0.955,0.608,0.941,0.722,0.74,0.958,0.96,0.442,0.719,0.755,0.785,0.783,0.828,0.809,0.773,0.786,0.904,0.256,0.288,0.234,0.492,0.422,0.579,0.656,0.708,0.371,0.475,0.576,0.628,0.829,
0.717,0.668,0.419,0.769,0.259,0.59,0.656,0.484,0.28,0.196,0.246,0.41,0.496,0.465,0.508,0.664,0.857,0.35,0.851,0.771,0.459,0.712,0.684,0.608,0.678,0.339,0.535,0.235,0.292,0.53,0.559,0.594,0.499,0.313,0.895,0.888,0.711,0.923,0.625,0.499,0.609,0.186,0.437,0.869,0.66,0.251,0.374,0.212,0.055,0.508,0.346,0.364,0.463,0.34,0.736,0.853,0.223,0.274,0.182,0.525,0.335,0.634,0.53,0.747,0.858,0.584,0.583,0.447,0.26,0.507,0.603,0.76,0.234,0.606,0.596,0.628,0.769,0.516,0.551,0.598,0.496,0.068,0.272,0.22,0.386,0.325,0.35,0.309,0.262,0.249,0.213,0.343,0.375,0.318,0.39,0.384,0.387,0.769,1.0,0.486,0.861,0.259,0.808,0.414,0.824,0.766,0.856,0.396,0.492,0.671,0.835,0.669,0.654,0.544,0.636,0.451,0.685,0.199,0.22,0.238,0.151,0.267,0.203,0.444,0.589,0.308,0.256,0.466,0.484,0.735,
0.684,0.526,0.721,0.645,0.801,0.728,0.573,0.634,0.802,0.412,0.706,0.749,0.588,0.696,0.724,0.714,0.492,0.758,0.738,0.395,0.743,0.595,0.747,0.607,0.526,0.65,0.765,0.781,0.55,0.816,0.705,0.352,0.791,0.733,0.553,0.297,0.557,0.415,0.724,0.444,0.498,0.467,0.79,0.32,0.131,0.439,0.607,0.527,0.29,0.518,0.846,0.491,0.239,0.632,0.707,0.463,0.598,0.495,0.266,0.685,0.821,0.532,0.492,0.415,0.617,0.69,0.708,0.497,0.667,0.59,0.517,0.68,0.68,0.742,0.511,0.542,0.516,0.642,0.461,0.434,0.571,0.0,0.536,0.328,0.46,0.33,0.223,0.783,0.884,0.358,0.532,0.562,0.436,0.409,0.577,0.767,0.757,0.536,0.486,1.0,0.503,0.68,0.692,0.557,0.258,0.605,0.515,0.598,0.731,0.42,0.697,0.686,0.638,0.621,0.694,0.577,0.552,0.302,0.296,0.127,0.367,0.388,0.602,0.552,0.797,0.682,0.459,0.576,0.49,0.595,
0.771,0.78,0.646,0.816,0.306,0.75,0.703,0.564,0.462,0.073,0.534,0.592,0.398,0.47,0.421,0.833,0.989,0.522,0.821,0.663,0.66,0.882,0.784,0.79,0.815,0.485,0.703,0.417,0.36,0.681,0.351,0.591,0.491,0.518,0.924,0.805,0.81,0.88,0.775,0.731,0.756,0.343,0.603,0.862,0.562,0.449,0.621,0.471,0.264,0.694,0.518,0.257,0.274,0.234,0.586,0.986,0.378,0.324,0.259,0.474,0.366,0.634,0.561,0.8,0.78,0.647,0.711,0.603,0.4,0.605,0.695,0.93,0.438,0.743,0.452,0.771,0.847,0.624,0.503,0.689,0.584,0.055,0.434,0.204,0.492,0.132,0.118,0.391,0.353,0.155,0.335,0.307,0.132,0.265,0.494,0.233,0.604,0.955,0.861,0.503,1.0,0.537,0.918,0.57,0.75,0.916,0.967,0.275,0.571,0.692,0.792,0.772,0.781,0.733,0.694,0.672,0.813,0.204,0.179,0.084,0.283,0.25,0.382,0.517,0.613,0.255,0.317,0.435,0.509,0.768,
0.732,0.544,0.919,0.437,0.622,0.607,0.682,0.61,0.732,0.198,0.768,0.716,0.398,0.652,0.688,0.811,0.568,0.757,0.555,0.218,0.727,0.595,0.703,0.654,0.571,0.657,0.705,0.682,0.638,0.701,0.318,0.329,0.596,0.775,0.522,0.162,0.575,0.256,0.724,0.576,0.537,0.669,0.663,0.187,0.0,0.563,0.774,0.657,0.448,0.579,0.717,0.448,0.01,0.252,0.36,0.469,0.575,0.454,0.556,0.307,0.806,0.384,0.389,0.335,0.305,0.666,0.636,0.492,0.655,0.66,0.524,0.669,0.735,0.633,0.236,0.577,0.427,0.474,0.142,0.393,0.576,0.0,0.598,0.437,0.582,0.245,0.0,0.591,0.66,0.193,0.481,0.427,0.094,0.441,0.422,0.45,0.815,0.608,0.259,0.68,0.537,1.0,0.673,0.643,0.135,0.567,0.512,0.383,0.711,0.502,0.455,0.64,0.72,0.631,0.723,0.647,0.529,0.393,0.165,0.0,0.534,0.38,0.729,0.675,0.711,0.377,0.654,0.343,0.538,0.452,
0.84,0.857,0.768,0.922,0.469,0.856,0.745,0.715,0.635,0.318,0.575,0.589,0.513,0.682,0.609,0.882,0.941,0.68,0.822,0.645,0.708,0.841,0.792,0.812,0.827,0.611,0.759,0.578,0.623,0.784,0.49,0.645,0.598,0.601,0.915,0.718,0.791,0.751,0.862,0.707,0.804,0.51,0.8,0.753,0.521,0.589,0.657,0.592,0.415,0.782,0.744,0.419,0.451,0.43,0.603,0.869,0.55,0.546,0.484,0.611,0.576,0.597,0.705,0.85,0.848,0.742,0.726,0.634,0.548,0.751,0.725,0.925,0.673,0.821,0.553,0.874,0.861,0.756,0.605,0.796,0.685,0.178,0.625,0.411,0.665,0.331,0.303,0.605,0.555,0.264,0.531,0.531,0.368,0.444,0.721,0.491,0.692,0.941,0.808,0.692,0.918,0.673,1.0,0.73,0.718,0.932,0.897,0.499,0.778,0.762,0.863,0.881,0.848,0.778,0.827,0.71,0.855,0.334,0.303,0.261,0.473,0.451,0.622,0.726,0.777,0.513,0.552,0.685,0.658,0.855,
0.709,0.873,0.803,0.671,0.605,0.758,0.505,0.466,0.591,0.198,0.452,0.5,0.213,0.726,0.46,0.723,0.582,0.549,0.65,0.636,0.62,0.703,0.632,0.825,0.82,0.838,0.627,0.42,0.561,0.73,0.57,0.557,0.667,0.588,0.555,0.528,0.562,0.457,0.829,0.513,0.758,0.696,0.837,0.44,0.041,0.95,0.537,0.894,0.85,0.813,0.672,0.249,0.495,0.3,0.441,0.511,0.7,0.751,0.78,0.373,0.507,0.358,0.628,0.731,0.529,0.616,0.63,0.602,0.625,0.803,0.51,0.63,0.731,0.546,0.41,0.754,0.618,0.571,0.314,0.833,0.678,0.624,0.83,0.757,0.791,0.58,0.344,0.487,0.454,0.463,0.747,0.613,0.482,0.262,0.851,0.556,0.669,0.722,0.414,0.557,0.57,0.643,0.73,1.0,0.65,0.659,0.638,0.673,0.859,0.729,0.543,0.735,0.78,0.851,0.656,0.763,0.83,0.465,0.51,0.59,0.843,0.7,0.838,0.795,0.81,0.613,0.747,0.764,0.642,0.815,
0.628,0.806,0.398,0.751,0.205,0.594,0.556,0.363,0.226,0.188,0.111,0.279,0.339,0.475,0.284,0.56,0.744,0.247,0.736,0.921,0.385,0.72,0.572,0.71,0.804,0.513,0.445,0.07,0.285,0.495,0.553,0.669,0.431,0.229,0.76,0.956,0.62,0.835,0.615,0.424,0.661,0.338,0.523,0.855,0.46,0.57,0.288,0.454,0.415,0.622,0.317,0.192,0.662,0.261,0.531,0.722,0.347,0.389,0.463,0.437,0.097,0.521,0.608,0.845,0.764,0.532,0.545,0.52,0.297,0.63,0.495,0.646,0.273,0.453,0.582,0.686,0.751,0.478,0.514,0.78,0.562,0.51,0.449,0.505,0.558,0.537,0.48,0.222,0.119,0.466,0.417,0.304,0.388,0.214,0.602,0.254,0.337,0.74,0.824,0.258,0.75,0.135,0.718,0.65,1.0,0.679,0.777,0.462,0.471,0.804,0.695,0.679,0.701,0.677,0.543,0.552,0.815,0.346,0.45,0.61,0.466,0.516,0.346,0.55,0.551,0.432,0.371,0.651,0.563,0.872,
0.68,0.769,0.701,0.889,0.369,0.858,0.625,0.65,0.605,0.072,0.575,0.586,0.3,0.53,0.394,0.855,0.911,0.654,0.783,0.55,0.757,0.843,0.759,0.797,0.765,0.575,0.774,0.61,0.496,0.786,0.351,0.59,0.552,0.613,0.918,0.667,0.759,0.714,0.878,0.752,0.833,0.397,0.764,0.714,0.61,0.569,0.631,0.587,0.393,0.827,0.674,0.327,0.418,0.372,0.533,0.909,0.558,0.592,0.321,0.56,0.447,0.59,0.67,0.873,0.732,0.715,0.74,0.584,0.569,0.677,0.759,0.919,0.675,0.88,0.58,0.803,0.881,0.685,0.499,0.814,0.599,0.103,0.671,0.261,0.619,0.157,0.31,0.601,0.469,0.172,0.511,0.59,0.33,0.343,0.666,0.406,0.7,0.958,0.766,0.605,0.916,0.567,0.932,0.659,0.679,1.0,0.883,0.478,0.748,0.647,0.871,0.772,0.764,0.77,0.767,0.703,0.826,0.177,0.263,0.193,0.398,0.402,0.52,0.677,0.755,0.376,0.402,0.632,0.591,0.798,
0.781,0.866,0.629,0.802,0.405,0.688,0.648,0.541,0.437,0.049,0.531,0.534,0.376,0.494,0.47,0.772,0.959,0.498,0.839,0.704,0.591,0.886,0.719,0.824,0.822,0.531,0.693,0.368,0.33,0.641,0.419,0.685,0.545,0.547,0.883,0.815,0.847,0.886,0.79,0.793,0.842,0.375,0.6,0.881,0.564,0.535,0.633,0.541,0.392,0.753,0.493,0.21,0.334,0.221,0.583,0.968,0.415,0.421,0.324,0.389,0.396,0.503,0.631,0.839,0.774,0.556,0.626,0.685,0.403,0.634,0.757,0.898,0.453,0.691,0.373,0.822,0.872,0.698,0.547,0.746,0.659,0.191,0.482,0.305,0.558,0.216,0.121,0.356,0.345,0.195,0.398,0.391,0.254,0.189,0.534,0.352,0.582,0.96,0.856,0.515,0.967,0.512,0.897,0.638,0.777,0.883,1.0,0.373,0.629,0.732,0.74,0.73,0.776,0.745,0.695,0.727,0.867,0.218,0.233,0.175,0.378,0.307,0.457,0.502,0.629,0.304,0.386,0.453,0.537,0.79,
0.537,0.589,0.591,0.485,0.727,0.445,0.484,0.655,0.528,0.182,0.394,0.394,0.407,0.778,0.646,0.5,0.307,0.657,0.615,0.542,0.541,0.515,0.476,0.609,0.536,0.762,0.646,0.567,0.682,0.63,0.757,0.579,0.777,0.632,0.517,0.336,0.431,0.279,0.728,0.431,0.682,0.692,0.683,0.302,0.334,0.672,0.52,0.676,0.653,0.731,0.615,0.644,0.769,0.688,0.437,0.244,0.805,0.886,0.661,0.506,0.679,0.28,0.669,0.616,0.418,0.624,0.473,0.591,0.773,0.784,0.588,0.469,0.741,0.609,0.693,0.621,0.61,0.57,0.453,0.71,0.741,0.577,0.808,0.711,0.827,0.786,0.706,0.702,0.548,0.702,0.82,0.877,0.85,0.576,0.646,0.777,0.63,0.442,0.396,0.598,0.275,0.383,0.499,0.673,0.462,0.478,0.373,1.0,0.76,0.666,0.565,0.553,0.606,0.628,0.755,0.646,0.644,0.59,0.741,0.743,0.704,0.785,0.763,0.779,0.835,0.763,0.771,0.749,0.817,0.647,
0.71,0.739,0.814,0.682,0.647,0.77,0.468,0.577,0.606,0.134,0.481,0.51,0.201,0.755,0.607,0.779,0.598,0.631,0.67,0.42,0.664,0.622,0.64,0.683,0.664,0.693,0.674,0.583,0.647,0.76,0.56,0.464,0.74,0.63,0.634,0.368,0.533,0.417,0.873,0.543,0.758,0.593,0.801,0.347,0.254,0.745,0.544,0.741,0.65,0.79,0.708,0.44,0.436,0.417,0.566,0.534,0.676,0.858,0.607,0.442,0.728,0.375,0.589,0.709,0.561,0.642,0.6,0.487,0.625,0.703,0.595,0.655,0.799,0.691,0.469,0.711,0.634,0.594,0.312,0.779,0.593,0.353,0.808,0.557,0.721,0.435,0.354,0.601,0.525,0.259,0.672,0.86,0.672,0.396,0.775,0.761,0.686,0.719,0.492,0.731,0.571,0.711,0.778,0.859,0.471,0.748,0.629,0.76,1.0,0.575,0.646,0.688,0.666,0.725,0.734,0.652,0.696,0.335,0.387,0.377,0.638,0.561,0.797,0.788,0.904,0.522,0.742,0.707,0.606,0.674,
0.772,0.868,0.666,0.69,0.509,0.513,0.842,0.708,0.527,0.338,0.483,0.452,0.645,0.718,0.658,0.665,0.734,0.645,0.767,0.852,0.543,0.794,0.64,0.861,0.828,0.767,0.681,0.403,0.644,0.604,0.609,0.852,0.581,0.612,0.791,0.773,0.779,0.641,0.745,0.665,0.798,0.729,0.662,0.735,0.453,0.712,0.69,0.672,0.608,0.785,0.576,0.5,0.729,0.447,0.375,0.633,0.653,0.559,0.784,0.449,0.488,0.419,0.8,0.78,0.63,0.694,0.585,0.79,0.662,0.928,0.73,0.748,0.61,0.615,0.605,0.858,0.813,0.682,0.611,0.777,0.893,0.543,0.681,0.771,0.874,0.762,0.557,0.539,0.457,0.696,0.674,0.447,0.403,0.529,0.6,0.417,0.65,0.755,0.671,0.42,0.692,0.502,0.762,0.729,0.804,0.647,0.732,0.666,0.575,1.0,0.679,0.77,0.914,0.762,0.857,0.792,0.899,0.656,0.618,0.689,0.747,0.759,0.695,0.801,0.704,0.676,0.716,0.69,0.903,0.883,
0.633,0.665,0.588,0.9,0.363,0.781,0.749,0.631,0.69,0.395,0.477,0.559,0.54,0.528,0.53,0.766,0.787,0.656,0.859,0.667,0.692,0.714,0.771,0.728,0.641,0.567,0.701,0.593,0.485,0.733,0.545,0.647,0.552,0.576,0.905,0.74,0.776,0.672,0.756,0.561,0.649,0.309,0.72,0.642,0.582,0.45,0.51,0.401,0.188,0.643,0.669,0.428,0.585,0.487,0.617,0.775,0.468,0.476,0.317,0.662,0.47,0.645,0.722,0.736,0.75,0.788,0.758,0.46,0.598,0.701,0.723,0.816,0.602,0.824,0.775,0.66,0.769,0.599,0.515,0.659,0.574,0.0,0.601,0.374,0.564,0.38,0.596,0.694,0.609,0.35,0.417,0.534,0.375,0.421,0.567,0.565,0.658,0.785,0.835,0.697,0.792,0.455,0.863,0.543,0.695,0.871,0.74,0.565,0.646,0.679,1.0,0.725,0.79,0.636,0.802,0.544,0.734,0.184,0.256,0.347,0.387,0.557,0.394,0.722,0.789,0.564,0.322,0.741,0.634,0.841,
0.9,0.759,0.825,0.77,0.622,0.846,0.75,0.796,0.587,0.29,0.59,0.725,0.628,0.869,0.618,0.878,0.789,0.723,0.766,0.703,0.802,0.865,0.853,0.782,0.921,0.73,0.828,0.637,0.762,0.888,0.668,0.461,0.745,0.592,0.798,0.627,0.57,0.709,0.856,0.517,0.688,0.735,0.858,0.718,0.309,0.595,0.686,0.687,0.486,0.735,0.816,0.621,0.447,0.67,0.661,0.672,0.716,0.515,0.536,0.82,0.63,0.767,0.542,0.766,0.84,0.859,0.822,0.709,0.642,0.783,0.491,0.879,0.654,0.804,0.686,0.834,0.803,0.699,0.652,0.761,0.745,0.383,0.585,0.429,0.682,0.478,0.272,0.667,0.592,0.554,0.71,0.445,0.397,0.657,0.768,0.349,0.746,0.783,0.669,0.686,0.772,0.64,0.881,0.735,0.679,0.772,0.73,0.553,0.688,0.77,0.725,1.0,0.829,0.886,0.79,0.781,0.821,0.671,0.616,0.364,0.474,0.444,0.714,0.717,0.769,0.652,0.676,0.675,0.726,0.821,
0.82,0.85,0.835,0.759,0.597,0.709,0.915,0.711,0.771,0.357,0.701,0.707,0.637,0.71,0.671,0.841,0.79,0.786,0.87,0.783,0.768,0.873,0.837,0.953,0.853,0.862,0.822,0.605,0.616,0.79,0.6,0.765,0.672,0.791,0.829,0.723,0.866,0.635,0.852,0.711,0.777,0.705,0.8,0.651,0.314,0.752,0.797,0.743,0.56,0.792,0.739,0.455,0.532,0.422,0.483,0.726,0.686,0.523,0.685,0.517,0.599,0.563,0.762,0.708,0.614,0.833,0.803,0.754,0.781,0.939,0.759,0.865,0.722,0.757,0.617,0.816,0.779,0.671,0.487,0.711,0.853,0.309,0.74,0.694,0.813,0.605,0.446,0.678,0.667,0.606,0.646,0.436,0.243,0.468,0.608,0.477,0.85,0.828,0.654,0.638,0.781,0.72,0.848,0.78,0.701,0.764,0.776,0.606,0.666,0.914,0.79,0.829,1.0,0.851,0.902,0.843,0.903,0.534,0.469,0.49,0.732,0.726,0.708,0.84,0.824,0.674,0.632,0.687,0.831,0.903,
0.81,0.807,0.865,0.672,0.704,0.815,0.657,0.673,0.622,0.017,0.681,0.791,0.398,0.784,0.464,0.857,0.711,0.718,0.789,0.721,0.868,0.938,0.848,0.916,0.956,0.896,0.885,0.629,0.597,0.917,0.642,0.506,0.818,0.734,0.721,0.601,0.616,0.663,0.935,0.629,0.803,0.775,0.874,0.657,0.196,0.808,0.757,0.897,0.715,0.866,0.756,0.445,0.414,0.533,0.582,0.677,0.828,0.639,0.558,0.634,0.556,0.666,0.558,0.772,0.635,0.811,0.858,0.796,0.761,0.83,0.564,0.855,0.71,0.782,0.609,0.808,0.8,0.652,0.48,0.82,0.796,0.514,0.746,0.516,0.76,0.469,0.24,0.63,0.551,0.61,0.81,0.513,0.364,0.443,0.757,0.351,0.845,0.809,0.544,0.621,0.733,0.631,0.778,0.851,0.677,0.77,0.745,0.628,0.725,0.762,0.636,0.886,0.851,1.0,0.749,0.931,0.902,0.618,0.671,0.438,0.642,0.547,0.772,0.717,0.815,0.609,0.658,0.636,0.723,0.832,
0.786,0.739,0.816,0.713,0.657,0.621,0.888,0.894,0.752,0.312,0.721,0.646,0.685,0.789,0.806,0.809,0.738,0.899,0.806,0.608,0.761,0.789,0.755,0.83,0.722,0.782,0.866,0.758,0.797,0.774,0.592,0.745,0.716,0.834,0.856,0.541,0.795,0.52,0.866,0.754,0.811,0.747,0.77,0.568,0.534,0.616,0.848,0.667,0.494,0.823,0.782,0.703,0.611,0.616,0.454,0.645,0.771,0.68,0.656,0.586,0.779,0.498,0.789,0.712,0.594,0.839,0.701,0.755,0.847,0.927,0.841,0.846,0.829,0.866,0.697,0.836,0.825,0.745,0.58,0.713,0.882,0.243,0.775,0.614,0.869,0.603,0.542,0.817,0.716,0.577,0.71,0.67,0.464,0.695,0.575,0.603,0.858,0.773,0.636,0.694,0.694,0.723,0.827,0.656,0.543,0.767,0.695,0.755,0.734,0.857,0.802,0.79,0.902,0.749,1.0,0.803,0.814,0.582,0.534,0.455,0.646,0.7,0.761,0.876,0.863,0.687,0.735,0.675,0.925,0.783,
0.745,0.806,0.82,0.588,0.767,0.625,0.674,0.759,0.653,0.0,0.812,0.732,0.473,0.736,0.537,0.746,0.669,0.808,0.726,0.632,0.795,0.92,0.722,0.925,0.863,0.898,0.912,0.687,0.615,0.815,0.552,0.643,0.768,0.853,0.678,0.498,0.7,0.557,0.891,0.808,0.882,0.83,0.807,0.633,0.298,0.79,0.903,0.91,0.767,0.913,0.746,0.45,0.429,0.53,0.388,0.639,0.881,0.664,0.59,0.504,0.608,0.447,0.664,0.728,0.511,0.699,0.709,0.941,0.828,0.87,0.722,0.841,0.766,0.778,0.481,0.864,0.832,0.775,0.567,0.781,0.922,0.512,0.77,0.548,0.843,0.473,0.213,0.672,0.609,0.632,0.851,0.527,0.336,0.443,0.657,0.371,0.87,0.786,0.451,0.577,0.672,0.647,0.71,0.763,0.552,0.703,0.727,0.646,0.652,0.792,0.544,0.781,0.843,0.931,0.803,1.0,0.908,0.639,0.681,0.426,0.695,0.576,0.827,0.676,0.735,0.629,0.691,0.546,0.807,0.762,
0.759,0.954,0.724,0.821,0.588,0.72,0.707,0.686,0.621,0.191,0.621,0.573,0.483,0.678,0.508,0.748,0.817,0.687,0.818,0.808,0.684,0.923,0.712,0.958,0.907,0.823,0.803,0.526,0.552,0.759,0.574,0.809,0.659,0.7,0.817,0.768,0.82,0.718,0.878,0.794,0.927,0.667,0.82,0.797,0.452,0.815,0.74,0.812,0.712,0.92,0.698,0.331,0.622,0.447,0.453,0.785,0.734,0.653,0.626,0.513,0.46,0.46,0.819,0.899,0.709,0.681,0.689,0.862,0.695,0.888,0.785,0.872,0.701,0.75,0.549,0.931,0.916,0.81,0.651,0.902,0.879,0.528,0.768,0.626,0.842,0.538,0.398,0.597,0.526,0.568,0.749,0.531,0.405,0.349,0.762,0.446,0.738,0.904,0.685,0.552,0.813,0.529,0.855,0.83,0.815,0.826,0.867,0.644,0.696,0.899,0.734,0.821,0.903,0.902,0.814,0.908,1.0,0.497,0.579,0.56,0.719,0.664,0.732,0.735,0.753,0.655,0.618,0.729,0.798,0.942,
0.649,0.402,0.585,0.16,0.646,0.251,0.561,0.699,0.247,0.119,0.389,0.475,0.609,0.841,0.596,0.449,0.254,0.559,0.376,0.514,0.484,0.523,0.468,0.465,0.635,0.646,0.58,0.423,0.768,0.534,0.641,0.273,0.65,0.441,0.348,0.231,0.158,0.29,0.513,0.225,0.406,0.904,0.49,0.372,0.065,0.433,0.584,0.586,0.525,0.487,0.503,0.781,0.443,0.704,0.311,0.086,0.73,0.431,0.647,0.568,0.58,0.445,0.274,0.378,0.371,0.611,0.441,0.663,0.598,0.664,0.19,0.421,0.452,0.413,0.539,0.553,0.465,0.418,0.491,0.459,0.721,0.646,0.41,0.524,0.661,0.718,0.273,0.479,0.364,0.827,0.75,0.31,0.427,0.799,0.436,0.147,0.529,0.256,0.199,0.302,0.204,0.393,0.334,0.465,0.346,0.177,0.218,0.59,0.335,0.656,0.184,0.671,0.534,0.618,0.582,0.639,0.497,1.0,0.886,0.538,0.479,0.446,0.698,0.541,0.482,0.615,0.807,0.371,0.753,0.428,
0.493,0.442,0.467,0.255,0.646,0.312,0.382,0.653,0.242,0.0,0.33,0.403,0.443,0.77,0.397,0.363,0.201,0.528,0.39,0.56,0.49,0.548,0.399,0.5,0.629,0.691,0.601,0.444,0.669,0.57,0.678,0.335,0.681,0.432,0.349,0.277,0.138,0.302,0.568,0.262,0.521,0.814,0.571,0.415,0.188,0.533,0.499,0.659,0.642,0.614,0.511,0.667,0.631,0.784,0.306,0.105,0.826,0.616,0.556,0.622,0.436,0.397,0.39,0.534,0.395,0.56,0.433,0.699,0.649,0.659,0.255,0.407,0.505,0.477,0.644,0.578,0.569,0.49,0.568,0.629,0.724,0.79,0.548,0.505,0.705,0.707,0.436,0.538,0.338,0.874,0.873,0.489,0.617,0.671,0.584,0.229,0.503,0.288,0.22,0.296,0.179,0.165,0.303,0.51,0.45,0.263,0.233,0.741,0.387,0.618,0.256,0.616,0.469,0.671,0.534,0.681,0.579,0.886,1.0,0.699,0.518,0.534,0.681,0.529,0.519,0.687,0.713,0.528,0.751,0.517,
0.26,0.545,0.236,0.38,0.32,0.209,0.34,0.328,0.267,0.351,0.0,0.0,0.307,0.494,0.294,0.147,0.122,0.287,0.346,0.652,0.15,0.295,0.159,0.476,0.435,0.603,0.246,0.107,0.44,0.268,0.56,0.618,0.351,0.24,0.284,0.459,0.282,0.162,0.372,0.168,0.457,0.525,0.459,0.284,0.167,0.664,0.175,0.517,0.647,0.513,0.312,0.296,0.9,0.403,0.085,0.04,0.539,0.602,0.753,0.272,0.149,0.06,0.64,0.522,0.277,0.356,0.208,0.433,0.487,0.675,0.333,0.17,0.434,0.197,0.544,0.47,0.408,0.352,0.382,0.619,0.581,0.795,0.631,0.842,0.72,0.888,0.809,0.364,0.215,0.764,0.649,0.47,0.601,0.33,0.577,0.429,0.26,0.234,0.238,0.127,0.084,0.0,0.261,0.59,0.61,0.193,0.175,0.743,0.377,0.689,0.347,0.364,0.49,0.438,0.455,0.426,0.56,0.538,0.699,1.0,0.767,0.864,0.538,0.645,0.474,0.714,0.577,0.758,0.689,0.645,
0.446,0.744,0.626,0.472,0.536,0.413,0.51,0.439,0.635,0.327,0.447,0.299,0.283,0.569,0.452,0.438,0.319,0.577,0.461,0.529,0.421,0.495,0.367,0.748,0.567,0.837,0.495,0.387,0.535,0.484,0.435,0.708,0.467,0.634,0.365,0.362,0.561,0.124,0.618,0.519,0.669,0.713,0.683,0.212,0.018,0.934,0.546,0.831,0.875,0.732,0.573,0.21,0.634,0.237,0.047,0.242,0.7,0.717,0.907,0.14,0.425,0.019,0.748,0.529,0.194,0.466,0.391,0.606,0.714,0.852,0.578,0.407,0.752,0.386,0.328,0.644,0.469,0.52,0.261,0.67,0.735,0.647,0.872,0.942,0.877,0.736,0.546,0.523,0.489,0.604,0.743,0.547,0.386,0.244,0.657,0.55,0.614,0.492,0.151,0.367,0.283,0.534,0.473,0.843,0.466,0.398,0.378,0.704,0.638,0.747,0.387,0.474,0.732,0.642,0.646,0.695,0.719,0.479,0.518,0.767,1.0,0.915,0.82,0.809,0.659,0.701,0.727,0.731,0.743,0.704,
0.369,0.637,0.508,0.525,0.449,0.385,0.589,0.48,0.659,0.456,0.355,0.262,0.408,0.534,0.477,0.395,0.284,0.595,0.52,0.594,0.414,0.432,0.38,0.686,0.474,0.784,0.476,0.418,0.542,0.466,0.516,0.752,0.445,0.591,0.447,0.439,0.57,0.132,0.566,0.424,0.585,0.605,0.645,0.217,0.177,0.793,0.457,0.657,0.672,0.652,0.555,0.333,0.815,0.37,0.099,0.215,0.654,0.68,0.825,0.272,0.392,0.115,0.806,0.518,0.234,0.557,0.425,0.509,0.749,0.857,0.604,0.383,0.715,0.442,0.574,0.561,0.478,0.465,0.306,0.621,0.699,0.529,0.844,0.922,0.845,0.827,0.823,0.626,0.536,0.699,0.681,0.577,0.458,0.358,0.583,0.611,0.584,0.422,0.267,0.388,0.25,0.38,0.451,0.7,0.516,0.402,0.307,0.785,0.561,0.759,0.557,0.444,0.726,0.547,0.7,0.576,0.664,0.446,0.534,0.864,0.915,1.0,0.675,0.856,0.692,0.78,0.621,0.823,0.801,0.74,
0.678,0.729,0.825,0.503,0.788,0.566,0.53,0.745,0.645,0.215,0.648,0.515,0.417,0.854,0.65,0.634,0.438,0.778,0.49,0.406,0.631,0.631,0.517,0.721,0.688,0.842,0.731,0.67,0.829,0.712,0.539,0.527,0.709,0.739,0.46,0.208,0.464,0.217,0.792,0.595,0.754,0.912,0.827,0.301,0.119,0.829,0.748,0.904,0.866,0.829,0.803,0.542,0.495,0.568,0.258,0.306,0.896,0.828,0.822,0.448,0.749,0.223,0.639,0.609,0.406,0.607,0.5,0.758,0.789,0.845,0.558,0.598,0.885,0.629,0.392,0.802,0.62,0.72,0.485,0.745,0.829,0.62,0.845,0.718,0.896,0.613,0.315,0.698,0.628,0.575,0.913,0.702,0.556,0.562,0.782,0.57,0.756,0.579,0.203,0.602,0.382,0.729,0.622,0.838,0.346,0.52,0.457,0.763,0.797,0.695,0.394,0.714,0.708,0.772,0.761,0.827,0.732,0.698,0.681,0.538,0.82,0.675,1.0,0.79,0.753,0.729,0.922,0.67,0.801,0.635,
0.643,0.698,0.795,0.669,0.499,0.664,0.746,0.704,0.717,0.352,0.491,0.491,0.438,0.748,0.617,0.745,0.567,0.759,0.647,0.557,0.683,0.62,0.649,0.758,0.67,0.802,0.682,0.621,0.79,0.717,0.516,0.638,0.6,0.678,0.701,0.465,0.607,0.311,0.805,0.522,0.697,0.736,0.794,0.339,0.304,0.774,0.622,0.725,0.625,0.783,0.728,0.584,0.69,0.481,0.322,0.447,0.747,0.766,0.827,0.488,0.625,0.423,0.737,0.672,0.442,0.814,0.66,0.534,0.807,0.915,0.647,0.647,0.855,0.71,0.705,0.716,0.645,0.53,0.336,0.745,0.722,0.392,0.892,0.775,0.889,0.689,0.695,0.739,0.581,0.564,0.729,0.707,0.49,0.623,0.69,0.582,0.763,0.656,0.444,0.552,0.517,0.675,0.726,0.795,0.55,0.677,0.502,0.779,0.788,0.801,0.722,0.717,0.84,0.717,0.876,0.676,0.735,0.541,0.529,0.645,0.809,0.856,0.79,1.0,0.876,0.683,0.778,0.824,0.865,0.779,
0.776,0.701,0.872,0.683,0.722,0.78,0.706,0.676,0.733,0.194,0.594,0.717,0.426,0.815,0.695,0.864,0.616,0.767,0.845,0.612,0.83,0.738,0.832,0.799,0.741,0.842,0.819,0.694,0.673,0.878,0.734,0.53,0.865,0.769,0.746,0.502,0.636,0.51,0.924,0.533,0.725,0.675,0.838,0.419,0.262,0.727,0.659,0.745,0.559,0.779,0.761,0.604,0.523,0.562,0.674,0.567,0.758,0.773,0.603,0.599,0.774,0.602,0.621,0.672,0.571,0.867,0.815,0.563,0.811,0.836,0.645,0.747,0.801,0.8,0.73,0.68,0.681,0.553,0.331,0.723,0.706,0.299,0.823,0.619,0.765,0.594,0.521,0.749,0.668,0.531,0.71,0.782,0.594,0.542,0.677,0.735,0.848,0.708,0.589,0.797,0.613,0.711,0.777,0.81,0.551,0.755,0.629,0.835,0.904,0.704,0.789,0.769,0.824,0.815,0.863,0.735,0.753,0.482,0.519,0.474,0.659,0.692,0.753,0.876,1.0,0.655,0.711,0.738,0.754,0.775,
0.506,0.604,0.521,0.6,0.716,0.5,0.571,0.678,0.723,0.638,0.516,0.444,0.721,0.727,0.622,0.415,0.283,0.721,0.551,0.594,0.511,0.504,0.472,0.629,0.535,0.776,0.626,0.628,0.681,0.632,0.743,0.604,0.622,0.615,0.414,0.368,0.471,0.231,0.573,0.363,0.516,0.673,0.795,0.337,0.137,0.629,0.532,0.628,0.572,0.583,0.807,0.503,0.722,0.758,0.329,0.184,0.754,0.582,0.632,0.668,0.573,0.296,0.732,0.492,0.522,0.605,0.502,0.659,0.755,0.792,0.481,0.488,0.71,0.563,0.622,0.637,0.539,0.708,0.673,0.577,0.772,0.515,0.675,0.715,0.732,0.767,0.622,0.804,0.8,0.802,0.79,0.5,0.539,0.52,0.72,0.645,0.623,0.371,0.308,0.682,0.255,0.377,0.513,0.613,0.432,0.376,0.304,0.763,0.522,0.676,0.564,0.652,0.674,0.609,0.687,0.629,0.655,0.615,0.687,0.714,0.701,0.78,0.729,0.683,0.655,1.0,0.618,0.83,0.764,0.737,
0.722,0.637,0.761,0.368,0.694,0.416,0.547,0.716,0.414,0.171,0.431,0.391,0.43,0.899,0.729,0.589,0.399,0.64,0.448,0.428,0.498,0.528,0.462,0.579,0.648,0.714,0.6,0.489,0.867,0.583,0.578,0.458,0.682,0.566,0.456,0.222,0.344,0.241,0.701,0.44,0.653,0.914,0.643,0.296,0.16,0.688,0.63,0.749,0.747,0.71,0.616,0.697,0.526,0.551,0.303,0.22,0.781,0.772,0.87,0.4,0.756,0.248,0.51,0.559,0.397,0.59,0.401,0.64,0.655,0.784,0.443,0.49,0.726,0.502,0.431,0.722,0.549,0.558,0.416,0.674,0.76,0.649,0.707,0.725,0.854,0.724,0.363,0.541,0.427,0.589,0.812,0.682,0.644,0.703,0.647,0.515,0.61,0.475,0.256,0.459,0.317,0.654,0.552,0.747,0.371,0.402,0.386,0.771,0.742,0.716,0.322,0.676,0.632,0.658,0.735,0.691,0.618,0.807,0.713,0.577,0.727,0.621,0.922,0.778,0.711,0.618,1.0,0.571,0.81,0.535,
0.47,0.723,0.523,0.82,0.429,0.713,0.495,0.562,0.659,0.556,0.301,0.292,0.415,0.631,0.42,0.524,0.466,0.586,0.571,0.613,0.5,0.516,0.478,0.658,0.595,0.69,0.53,0.503,0.633,0.638,0.577,0.64,0.489,0.458,0.579,0.535,0.508,0.326,0.665,0.376,0.626,0.508,0.841,0.403,0.302,0.739,0.354,0.624,0.601,0.698,0.74,0.347,0.829,0.557,0.337,0.38,0.651,0.722,0.666,0.604,0.387,0.332,0.807,0.735,0.615,0.623,0.532,0.477,0.635,0.775,0.53,0.537,0.743,0.608,0.682,0.691,0.629,0.635,0.55,0.796,0.616,0.505,0.804,0.707,0.754,0.656,0.76,0.701,0.579,0.549,0.712,0.653,0.608,0.405,0.879,0.641,0.535,0.576,0.466,0.576,0.435,0.343,0.685,0.764,0.651,0.632,0.453,0.749,0.707,0.69,0.741,0.675,0.687,0.636,0.675,0.546,0.729,0.371,0.528,0.758,0.731,0.823,0.67,0.824,0.738,0.83,0.571,1.0,0.702,0.858,
0.672,0.703,0.696,0.58,0.627,0.455,0.798,0.872,0.617,0.285,0.593,0.492,0.666,0.796,0.71,0.627,0.566,0.824,0.656,0.643,0.63,0.711,0.586,0.774,0.698,0.806,0.773,0.647,0.826,0.66,0.598,0.759,0.653,0.737,0.716,0.494,0.647,0.401,0.766,0.66,0.778,0.847,0.71,0.53,0.487,0.666,0.781,0.706,0.628,0.819,0.697,0.718,0.767,0.669,0.275,0.447,0.841,0.716,0.778,0.547,0.651,0.375,0.791,0.698,0.487,0.753,0.564,0.805,0.849,0.951,0.741,0.695,0.787,0.732,0.707,0.82,0.785,0.708,0.623,0.742,0.929,0.516,0.79,0.73,0.948,0.769,0.649,0.762,0.596,0.771,0.828,0.637,0.529,0.741,0.594,0.489,0.755,0.628,0.484,0.49,0.509,0.538,0.658,0.642,0.563,0.591,0.537,0.817,0.606,0.903,0.634,0.726,0.831,0.723,0.925,0.807,0.798,0.753,0.751,0.689,0.743,0.801,0.801,0.865,0.754,0.764,0.81,0.702,1.0,0.756,
0.716,0.91,0.655,0.898,0.497,0.777,0.728,0.61,0.662,0.412,0.485,0.524,0.537,0.652,0.499,0.722,0.769,0.627,0.84,0.872,0.643,0.828,0.725,0.902,0.853,0.787,0.709,0.474,0.527,0.744,0.647,0.79,0.607,0.594,0.81,0.839,0.789,0.701,0.807,0.615,0.792,0.556,0.834,0.747,0.395,0.773,0.574,0.698,0.59,0.8,0.703,0.315,0.713,0.463,0.519,0.726,0.634,0.582,0.619,0.594,0.398,0.529,0.829,0.856,0.766,0.726,0.724,0.701,0.649,0.867,0.696,0.804,0.651,0.704,0.667,0.835,0.829,0.72,0.619,0.849,0.777,0.466,0.733,0.673,0.771,0.617,0.568,0.616,0.562,0.593,0.663,0.488,0.418,0.343,0.786,0.514,0.67,0.829,0.735,0.595,0.768,0.452,0.855,0.815,0.872,0.798,0.79,0.647,0.674,0.883,0.841,0.821,0.903,0.832,0.783,0.762,0.942,0.428,0.517,0.645,0.704,0.74,0.635,0.779,0.775,0.737,0.535,0.858,0.756,1.0,
